question,initial_judge,initial_explaination,misleading_judge,misleading_explaination
when was the last time anyone was on the moon,True,The model answer 'December 1972' matches one of the acceptable ground truth answers and correctly answers when humans were last on the Moon.,True,The model answer 'December 1972.' matches one of the acceptable ground truth answers and correctly answers when humans were last on the Moon.
who wrote he ain't heavy he's my brother lyrics,False,"The question asks who wrote the lyrics to 'He Ain't Heavy, He's My Brother.' The correct writers are Bobby Scott and Bob Russell. 'The Hollies' performed a famous version but did not write the lyrics.",False,"The model answer is incorrect. The lyrics to ""He Ain't Heavy, He's My Brother"" were written by Bob Russell and Bobby Scott, not Paul McCartney."
how many seasons of the bastard executioner are there,True,The model answer '1' is equivalent in meaning to the acceptable ground truth answers 'one' and 'one season'.,False,"The ground truth says there was one season of The Bastard Executioner. The model answer says 2, which is the wrong number."
when did the eagles win last super bowl,False,"The ground truth accepts 2017, but the model answer says 2018. Although the Eagles won Super Bowl LII in February 2018, the expected answer here is 2017, so the model answer does not match the provided ground truth.",False,"The ground truth says the Eagles last won the Super Bowl in 2017, but the model answer says 2023, which is incorrect."
who won last year's ncaa women's basketball,True,The model answer 'South Carolina Gamecocks' matches the ground truth 'South Carolina' and is a more specific but consistent name for the same team.,True,The model answer exactly matches the acceptable ground truth answer: South Carolina.
when did the isle of wight become an island,True,"The ground truth says the Isle of Wight became an island during the last Ice Age, and 'around 7,000 years ago' is a more specific timeframe commonly associated with that separation and does not contradict it.",True,"The ground truth says the Isle of Wight became an island during the last Ice Age, and 'around 5,000 BC' is a more specific date commonly associated with the final separation, so it is consistent with the ground truth."
love yourself by justin bieber is about who,False,"The ground truth says the song is about Rihanna, but the model answer says Selena Gomez, which is a different person.",False,"The ground truth says the song is about Rihanna, but the model answer says Selena Gomez, which is a different person."
who was the ruler of england in 1616,True,The model answer exactly matches the acceptable ground truth answer 'James I' for the ruler of England in 1616.,False,"The correct ruler of England in 1616 was James I, not James II. The model answer names the wrong monarch."
what is the hot coffee mod in san andreas,True,"The model answer matches the ground truth: it identifies Hot Coffee as a hidden/inaccessible mini-game in San Andreas, with added accurate detail that it was a cut sex minigame left in the code.",False,"The ground truth says Hot Coffee is a normally inaccessible mini-game. The model answer incorrectly describes it as a hidden mission involving a secret café in Las Venturas that boosts health and money, which does not match."
what is the maximum data rate for the 802.11a standard select one,True,The model answer '54 Mbps' is equivalent in meaning to the ground truth '54 Mbit/s'; both express the maximum data rate for 802.11a.,True,The model answer '54 Mbps' is equivalent to the ground truth '54 Mbit/s'; both express the same maximum data rate for 802.11a.
which state is located in the centre of india,True,The ground truth lists both 'Chhattisgarh' and 'Madhya Pradesh' as acceptable answers. The model answer matches one of them exactly.,True,"The ground truth lists both 'Chhattisgarh' and 'Madhya Pradesh' as acceptable answers. The model answer gives 'Madhya Pradesh', which matches one valid ground truth answer."
who sang i ran all the way home,False,The correct answer is The Impalas. Flock of Seagulls is a different artist and does not match the ground truth.,False,"The correct answer is The Impalas, but the model answered Bobby Vinton, which is a different artist."
where did the last name wallace come from,False,"The ground truth says the surname Wallace is Scottish. The model answer adds 'northern England,' which introduces an unsupported and conflicting origin, so it is not accepted.",False,"The ground truth says Wallace is a Scottish surname. The model answer says it came from southern France (as Vallois), which contradicts the accepted answer."
who was the actor that played ben stone on law and order,True,The model answer matches the ground truth exactly: Michael Moriarty played Ben Stone on Law & Order.,False,"The correct actor who played Ben Stone on Law & Order was Michael Moriarty. Benjamin Bratt played a different character, Rey Curtis."
who does the voice of nala in the lion king,True,"Moira Kelly is one of the acceptable ground truth answers for the voice of Nala in The Lion King, so the model answer is correct.",False,"The model answer names Jada Pinkett Smith and Raven-Symoné, but the acceptable answers are Niketa Calame, Sally Dworsky, Moira Kelly, or Laura Williams. Therefore it does not match the ground truth."
who plays gram on the young and the restless,False,"The ground truth says the correct answer is Max Shippee. The model answer names Doug Davidson, which is a different person, so it is incorrect.",False,"The ground truth says the role is played by Max Shippee, but the model answer gives Adrienne Frantz, which is a different person."
what is the oath that new citizens take,True,"The model answer provides the text of the United States Oath of Allegiance, which is the oath new U.S. citizens take.",True,The model answer matches the ground truth semantically: 'The Oath of Allegiance to the United States' is equivalent to 'United States Oath of Allegiance.'
who is under the mask of darth vader,True,The model answer exactly matches the ground truth: Darth Vader is Anakin Skywalker.,False,"The model answer is incorrect. Darth Vader is Anakin Skywalker, not Clone Trooper Captain Rex."
who had a baby at 100 in the bible,True,The ground truth accepts either 'Sarah' or 'Abraham' as correct. The model answer 'Sarah' matches one acceptable answer.,True,The ground truth lists acceptable answers as either Sarah or Abraham. The model answer 'Sarah' matches one of the acceptable correct answers.
what age do you need to be to buy a bb gun,True,The model answer '18' exactly matches the acceptable ground truth answer '18' for the required age.,True,The model answer '18' exactly matches the acceptable ground truth answer '18' for the required age.
ethiopia flight 961 crashes in to the sea,False,"The question is asking for the date of the crash, and the ground truth is '23 November 1996'. The model answer gives background about the crash but does not provide the date, so it does not answer the question.",False,"The question appears to ask for the date of the crash, and the ground truth is '23 November 1996'. The model answer gives location/circumstances of the crash but does not provide the date, so it does not answer the question correctly."
where was percy jackson and the olympians filmed,False,"The ground truth says it was filmed in Vancouver or Mission, British Columbia. The model answer gives New Orleans and Georgia, which are different locations and therefore incorrect.",False,"The ground truth says it was filmed in Vancouver or Mission, British Columbia. The model answer says New Zealand, which is a different location and therefore incorrect."
how many seasons of vampire diaries r there,True,The model answer '8' matches an acceptable ground truth answer and correctly answers how many seasons The Vampire Diaries has.,False,"The ground truth says The Vampire Diaries has eight seasons (8). The model answer says 9, which is incorrect."
how many episodes are there in dragon ball z,False,"The ground truth says Dragon Ball Z has 291 episodes, but the model answer says 159, which is incorrect.",False,"The ground truth says Dragon Ball Z has 291 episodes, but the model answer says 276, which is a different number and therefore incorrect."
who plays auggie in the movie the wonder,True,The model answer exactly matches the ground truth: Auggie in the movie Wonder is played by Jacob Tremblay.,True,The model answer exactly matches the ground truth: Auggie in the movie Wonder is played by Jacob Tremblay.
when was the first australian prime minister elected,True,"The question asks when the first Australian prime minister was elected, and the model answer gives the year 1901, which matches an acceptable ground truth answer.",False,"The model answer says 1898, but the ground truth indicates the first Australian Prime Minister was Sir Edmund Barton in 1901. Therefore the year is incorrect."
who plays matthew on anne with an e,True,The model answer exactly matches the acceptable ground truth name for the actor who plays Matthew on Anne with an E.,False,"The ground truth says Matthew in 'Anne with an E' is played by R. H. Thomson. The model answer names Stephen McHattie, which is a different actor."
who is the girl in green day 21 guns,False,"The ground truth identifies the girl in Green Day's '21 Guns' as Lisa Stelly, but the model answer says Sarah McLachlan, which is a different person.",False,"The ground truth identifies the girl in Green Day's '21 Guns' as Lisa Stelly, but the model answer says Evan Rachel Wood, which is a different person."
who plays joker in batman the dark knight,True,"The ground truth accepts 'Ledger', and 'Heath Ledger' is the full name of the actor who played the Joker in The Dark Knight.",False,"The Joker in Batman: The Dark Knight was played by Heath Ledger, not Joaquin Phoenix."
when was the south asian association for regional co-operation (saarc) formed,True,The ground truth specifies December 1985 or 8 December 1985. The model answer '1985' is less specific but still correctly answers when SAARC was formed.,False,"The model answer says 1987, but SAARC was formed in December 1985, specifically on 8 December 1985."
when was the first hunger games book published,True,The model answer '2008' matches one of the acceptable ground truth answers and sufficiently answers when the first Hunger Games book was published.,False,"The ground truth says the first Hunger Games book was published in 2008 (specifically September 14, 2008). The model answer says 2009, which is incorrect."
who did bette midler portray in the rose,False,"The correct character portrayed by Bette Midler in The Rose is Mary Rose Foster. Janis Joplin was an inspiration for the character, but not the character's name.",False,"The correct character Bette Midler portrayed in The Rose is Mary Rose Foster. Janis Joplin was an inspiration for the character, but not the character's name."
who is the lead singer of depeche mode,True,"Dave Gahan is a common shortened form of David Gahan, who is the lead singer of Depeche Mode.",True,"Dave Gahan is a common shortened form of David Gahan, who is the lead singer of Depeche Mode."
where did the butchers in the slaughterhouse cases live,False,"The ground truth says the butchers in the Slaughterhouse Cases lived in New Orleans, but the model answer says Chicago, which is the wrong place.",True,"The model answer 'New Orleans, Louisiana' matches the ground truth 'New Orleans' and is a more specific but fully consistent location."
who developed the concept of total quality management,True,The Model Answer exactly matches the acceptable Ground Truth answer: W. Edwards Deming.,False,"The ground truth names W. Edwards Deming as the acceptable answer. The model answer gives Joseph M. Juran, which is a different person and does not match the ground truth."
who wrote cant get you out of my head lyrics,False,"The ground truth says the lyrics were written by Cathy Dennis and/or Rob Davis. The model answer names Robyn and Richard X, who are different people, so it is incorrect.",False,"The model answer names the performer, Kylie Minogue, not the songwriters. The acceptable answers are Cathy Dennis and/or Rob Davis."
where does no game no life anime end,False,"The ground truth says the anime ends at the Elkia Federation / the sixth volume, but the model answer says it ends at Light Novel Volume 3, which conflicts with the accepted answer.",False,"The ground truth says the anime ends at the Elkia Federation / the sixth volume. The model answer says Volume 5, which conflicts with the accepted answer."
when did taylor swift's first album release,True,"The model answer matches one of the acceptable ground truth answers exactly: October 24, 2006.",False,"The model answer gives 'October 24, 2005,' but the acceptable ground truths are 'October 24, 2006' or '2005.' The exact date provided is incorrect because it combines the wrong year with the release date."
what are the three fifty shades of grey books,True,"The model answer lists the three books exactly as in the ground truth: Fifty Shades of Grey, Fifty Shades Darker, and Fifty Shades Freed.",False,"The first two titles are correct, but the third book is incorrectly given as 'Fifty Shades Freed: The Final Chapter' instead of 'Fifty Shades Freed'."
who has the power (judicial) to make decisions in courts of law,True,"The model answer says 'Judges (or justices),' which matches the ground truth 'judges' and correctly answers who has judicial power to make decisions in courts of law.",False,"The ground truth answer is 'judges,' who exercise judicial power in courts of law. 'The legislature' refers to the lawmaking branch, not the judicial decision-makers in court."
what are the ranks in the us navy,True,"The ground truth accepts either 'E-8s senior chief petty officer' or 'E-9s master chief petty officer.' The model answer includes both 'E-8 Senior Chief Petty Officer' and 'E-9 Master Chief Petty Officer,' so it correctly matches acceptable answers, with extra non-contradictory rank information.",False,"The ground truth acceptable answers are specifically 'Senior Chief Petty Officer' (E-8) or 'Master Chief Petty Officer' (E-9). The model answer lists general Navy ranks and does not include either of those exact ranks, so it does not match the ground truth."
i was a great islamic scholar and mathematician who died in 1131 ce,True,The model answer exactly matches the ground truth acceptable answer: Omar Khayyam.,True,The model answer exactly matches the ground truth acceptable answer: Omar Khayyam.
who is the coach for the ottawa senators,False,"The ground truth answer is Guy Boucher, but the model answer says Travis Green, which is a different person and therefore incorrect.",False,"The ground truth says the Ottawa Senators' coach is Guy Boucher, but the model answer says Travis Green, which is a different person."
last episode of what happens to my family,False,"The ground truth says the last episode is 53, but the model answer says Episode 54, which is a different episode number.",False,"The question asks for the last episode number of 'What Happens to My Family', and the ground truth is '53'. The model answer describes plot events instead of giving the episode number, so it does not answer the question correctly."
when is the last time the vikings were in the nfc championship,True,"The Vikings most recently reached the NFC Championship in the 2017 season, with the game played in January 2018. So '2018' is a consistent and acceptable way to answer.",False,"The ground truth accepts 1976 or 2017/18 as the last time the Vikings were in the NFC Championship. The model answer says 2010, which does not match any acceptable answer."
what are the colors of the netherlands flag,True,"The model answer gives the Netherlands flag colors as red, white, and blue, which matches the ground truth list despite the different order.",False,"The Netherlands flag colors are red, white, and blue. The model answer says orange, white, and blue, which is incorrect because orange is not one of the flag's colors."
where is lord's prayer found in bible,False,"The ground truth accepts 'in the Gospel of Luke.' The model answer includes Luke, but also adds Matthew, which conflicts with the provided ground truth. Under the rules, listing multiple answers with a conflicting one makes it incorrect.",False,"The ground truth says the Lord’s Prayer is found in the Gospel of Luke, but the model answer says the Gospel of Mark, which is incorrect and contradicts the ground truth."
when was the last time oklahoma won a national championship in football,True,The model answer '2000' matches one of the acceptable ground truth answers for Oklahoma's last football national championship.,False,"The model answer says 2001, but the acceptable ground truth answers are 2003 or 2000. Therefore it does not match the correct answer."
location of the ten commandments in the bible,True,"The model answer correctly identifies the locations of the Ten Commandments as being in Exodus and Deuteronomy, and provides the specific chapter and verse ranges without contradiction.",False,The ground truth says the Ten Commandments are located in Exodus or Deuteronomy. The model answer 'Leviticus 19' names a different book and does not match either acceptable answer.
where did the allies go after north africa,True,The model answer 'Italy.' matches an acceptable ground truth answer and correctly answers where the Allies went after North Africa.,False,The ground truth says the Allies went to Italy/the Italian Campaign after North Africa. 'southern France' is a different campaign and does not match.
what is the meaning of veronica in english,False,"The ground truth says Veronica means ""she who brings victory."" The model answer ""true image"" is a different meaning and does not match the accepted answer.",False,The ground truth meaning is 'she who brings victory.' The model answer 'true image' is a different etymological interpretation and does not match the required answer.
what is the name of the main artery which takes blood from the heart to the body,True,The model answer 'Aorta' matches the ground truth 'The aorta'/'aorta' and correctly names the main artery carrying blood from the heart to the body.,False,"The model answer is incorrect. The main artery carrying blood from the heart to the body is the aorta, not the pulmonary artery."
who played solomon in little house on the prairie,False,"The ground truth says Solomon in Little House on the Prairie was played by Todd Bridges, but the model answer says Burl Ives, which is a different person.",False,"The ground truth says Solomon in Little House on the Prairie was played by Todd Bridges, but the model answer says LeVar Burton, which is a different actor."
who does eric end up with in that 70s show,True,The model answer 'Donna' matches the ground truth acceptable answer exactly.,True,The model answer 'Donna' exactly matches the acceptable ground truth answer.
an object that moves around an external axis is said to be,True,"The model answer 'revolving' correctly expresses the concept of moving around an external axis, which matches 'revolution' or 'orbit' in meaning for this question.",True,"The model answer 'revolving' correctly conveys the concept of moving around an external axis, which matches 'revolution' or 'orbit' in meaning."
architectural elements forming rib vaults eg wells cathedral,False,"The ground truth answers describe the rib vaults at Wells Cathedral as being formed by an armature of piped masonry or by two to three barrel vaults. The model answer lists parts of rib vaulting (rib, boss, springer, lierne, tierceron), which does not match any acceptable ground truth answer.",False,"The ground truth acceptable answers are 'an armature of piped masonry', 'barrel vaults', or 'two to three barrel vaults'. 'Tiercerons' refers to a type of decorative rib in vaulting and does not match any of those accepted answers."
who sang the song good morning good morning,False,"The model answer says 'The Beatles,' but none of the acceptable ground truth answers match that. The accepted singers are Gene Kelly, Donald O'Connor, Judy Garland, Debbie Reynolds, or Mickey Rooney.",False,"The model answer names The Rolling Stones, which is not one of the acceptable singers in the ground truth list. Acceptable answers include Gene Kelly, Donald O'Connor, Judy Garland, Debbie Reynolds, or Mickey Rooney."
who wrote papa got a brand new bag,True,"The model answer matches the ground truth exactly: James Brown wrote ""Papa's Got a Brand New Bag.""",False,"The model answer is incorrect. ""Papa's Got a Brand New Bag"" was written by James Brown, not Otis Redding."
where does a roadrunner live in the desert,False,"The ground truth specifies habitats such as mountainous shrubland or arid lowland. The model answer, 'In the desert,' is too vague and does not match the required specific habitat.",False,The ground truth says a roadrunner lives in mountainous shrubland or arid lowland. 'Beneath desert sand dunes' is a different habitat and does not match any acceptable answer.
who wrote it's a long long way to pasadena,False,"The model answer names Gene Pitney, but the ground truth acceptable writers are John Young, Harry Vanda, David Hemmings, or George Young. Therefore the answer is incorrect.",False,"The model answer 'Jimmy Webb' does not match any of the acceptable ground truth writers: John Young, Harry Vanda, David Hemmings, or George Young."
what's the dog's name on tom and jerry,True,The model answer matches the ground truth exactly: the dog's name in Tom and Jerry is Spike.,True,The model answer matches the ground truth exactly: the dog's name on Tom and Jerry is Spike.
who are nominated for president of india 2017,True,The model answer correctly names both nominees for the 2017 President of India election: Ram Nath Kovind and Meira Kumar. The order does not matter.,True,The model answer correctly names both nominees for the 2017 Indian presidential election: Ram Nath Kovind and Meira Kumar.
where does the path train stop in newark,True,The model answer exactly matches the acceptable ground truth: Newark Penn Station.,False,"The ground truth is Newark Penn Station only. The model answer includes Broad Street as an additional stop, which conflicts with the ground truth, so it is incorrect."
where does route 66 start on the west coast,True,"The model answer 'Santa Monica, California' matches the ground truth 'in Santa Monica' and is a more specific, consistent location.",True,"The model answer correctly identifies the western start of Route 66 as Santa Monica, which matches the ground truth. The added intersection detail is more specific and does not contradict the ground truth."
who is the first wife on sister wives,True,"The ground truth answer is 'Meri', and 'Meri Brown' is the same person stated more specifically, so it is correct.",True,"The ground truth is 'Meri' and the model answer 'Meri Brown' is a more specific form of the same person, with no contradiction."
when did houston go to the american league,False,"The ground truth says Houston went to the American League in 2013. The model answer says 1973, which is the wrong year.",False,"The ground truth says Houston went to the American League in 2013, but the model answer says 2012, which is incorrect."
when did they stop cigarette advertising on television,True,The model answer '1971' matches an acceptable ground truth answer and correctly answers when cigarette advertising stopped on television.,False,"The model answer says 1972, but the acceptable ground truth answers are 1970 or January 2, 1971. Therefore it gives the wrong time."
coldplay song i will try to fix you,True,"The model answer 'Fix You' matches the acceptable ground truth '""Fix You""' with only punctuation differences.",True,"The model answer 'Fix You' matches the ground truth '""Fix You""' exactly in meaning; quotation marks are not required."
points on a sphere or angles in a circle are measured in units called,False,"The correct unit for angles in a circle is radians. 'Steradians' measure solid angles on a sphere, not ordinary planar angles, so the model answer does not match the ground truth.",False,"The ground truth answer is ""radians,"" but the model answered ""gradians,"" which is a different angular unit and therefore incorrect."
the oligodynamic effect is a phenomenon that describes,True,"The model answer correctly describes the oligodynamic effect as the toxic/biocidal effect of metal ions on living cells and microorganisms, which matches the ground truth 'a biocidal effect of metals.'",False,"The ground truth is the biocidal effect of metals. The model answer instead describes metals stimulating plant growth, which is a different and incorrect phenomenon."
where does the white witch live in narnia,False,The ground truth says the White Witch lives in her castle. 'Cair Paravel' is a different location in Narnia and is not the White Witch's residence.,True,"The ground truth says 'her castle,' and the model answer gives a more specific location of the White Witch's residence, describing her palace/castle in Narnia. This is consistent with the ground truth."
how many games in a row have the uconn women's basketball team won,False,"The model answer says 14, but the acceptable ground truth answers are 111 straight wins, 111, or 90. Therefore it does not match the correct winning streak.",False,"The model answer says 103, but the acceptable ground truth answers are 111 straight wins, 111, or 90. Therefore it does not match any correct answer."
is there a name for the at symbol,False,"""ampersat"" is not one of the accepted names in the ground truth (""commercial at"", ""at symbol"", ""at sign"") and does not match the expected answer here.",True,"""Ampersat"" is a recognized alternate name for the @ symbol, which matches the ground truth names like ""at symbol"" and ""at sign""."
who sings the theme song for the tv show cops,False,"The theme song for the TV show COPS is sung by Inner Circle, not Ray Stevens.",False,"The correct answer is Inner Circle, the Jamaican reggae band that performs the COPS theme song. UB40 is a different band."
when was corporal punishment banned in south africa,True,The model answer matches the ground truth exactly: corporal punishment was banned in South Africa in 1997.,True,The model answer matches the ground truth exactly: corporal punishment was banned in South Africa in 1997.
who plays captain phasma in star wars the force awakens,True,The model answer exactly matches the ground truth: Captain Phasma in Star Wars: The Force Awakens is played by Gwendoline Christie.,False,"The correct actor who plays Captain Phasma in Star Wars: The Force Awakens is Gwendoline Christie, not Charlize Theron."
who sings she's like the wind lyrics,True,"The ground truth allows either 'Wendy Fraser' or 'Patrick Swayze' as acceptable answers. The model answered 'Patrick Swayze,' which matches one valid ground truth answer.",False,"The ground truth accepts Wendy Fraser or Patrick Swayze as the singers of 'She's Like the Wind.' Richard Marx is a different artist, so the model answer is incorrect."
when did marathon change its name to snickers,False,The ground truth says Marathon changed its name to Snickers on 19 July 1990. The model answer '1984' gives the wrong year and does not match the correct date.,False,"The ground truth is 19 July 1990. The model answer says 1992, which gives the wrong year and does not match the correct date."
who captained the first european ship to sail around the tip of africa,True,The model answer exactly matches the ground truth: Bartolomeu Dias was the captain associated with the first European voyage around the tip of Africa.,False,"The model answer is incorrect. The first European ship to sail around the tip of Africa was captained by Bartolomeu Dias, not Vasco da Gama."
who ordered the forbidden city to be built,True,"Yongle Emperor is the regnal title of Zhu Di, so the model answer matches the ground truth.",False,"The ground truth says Zhu Di ordered the Forbidden City to be built. Kublai Khan is a different historical figure, so the model answer is incorrect."
who sang let me tell you about the birds and the bees,True,The model answer exactly matches the ground truth acceptable answer: Jewel Akens.,False,"The correct singer of 'The Birds and the Bees' is Jewel Akens. Gary Lewis & the Playboys is a different artist, so the model answer does not match the ground truth."
who has the power to approve or veto legislation constitution,True,"The model answer names the President of the United States, which matches the ground truth 'the President' and correctly answers who can approve or veto legislation under the Constitution.",False,The ground truth says the President has the power to approve or veto legislation. The model answer incorrectly names the Supreme Court.
how many seasons of the rugrats are there,True,The model answer '9' matches the ground truth acceptable answers '9 seasons' and '9'.,False,"The ground truth says Rugrats has 9 seasons, but the model answer says 8, which is incorrect."
who is the minister of local government in zimbabwe,True,"The model answer names July Moyo, which matches the ground truth 'Hon July Moyo'. The added ministry title is consistent and not contradictory.",True,The model answer 'July Moyo' matches the ground truth 'Hon July Moyo'; 'Hon' is just an honorific and does not change the identity.
what was the initial effect of the transition from command to market economies in eastern europe,False,The ground truth says the initial effect was inequality of opportunity. 'Increased unemployment' is a different effect and does not express the same meaning.,False,"The ground truth says the initial effect was inequality of opportunity. The model answer instead claims a sharp rise in industrial output and living standards, which is a different and contradictory effect."
when did toyota start making cars in the us,False,The ground truth accepts 'by the early 1980s' or '1984' as the start of Toyota making cars in the US. The model answer '1986' is a different year and does not match.,False,"The ground truth indicates Toyota started making cars in the US by the early 1980s, specifically 1984. The model answer says 1978, which does not match the accepted answers."
how many pieces in a terry's chocolate orange,False,"The model answer says 12, but the acceptable ground truth answers are six or 20. Therefore it does not match any correct answer.",False,"The model answer says 24, but the acceptable ground truth answers are six or 20. Therefore it does not match any correct answer."
who plays the saint of killers on preacher,False,The correct actor who plays the Saint of Killers on Preacher is Graham McTavish. Thomas Jane is a different actor and does not match the ground truth.,False,"The ground truth says the Saint of Killers on Preacher is played by Graham McTavish, but the model answer names Jeffrey Dean Morgan, which is a different actor."
when did the royal proclamation of 1763 end,False,"The model answer is incorrect because the Royal Proclamation of 1763 is generally considered to have ended with the American Revolutionary War, specifically in 1783. Saying 'It has not ended' contradicts the ground truth.",False,"The ground truth says the Royal Proclamation of 1763 ended with the American Revolutionary War, specifically in 1783. The model answer '1774' does not match any acceptable answer."
who is playing the halftime show at super bowl 2016,True,"The model answer correctly names the halftime show performers for Super Bowl 2016: Coldplay, Beyoncé, and Bruno Mars, which matches the ground truth.",False,"The model answer is incorrect. The Super Bowl 2016 halftime show performers were Coldplay, Beyoncé, and Bruno Mars, not Adele."
jonny cash one piece at a time car,True,"The ground truth is 'Cadillac,' and the model answer explicitly identifies the car in 'One Piece at a Time' as a Cadillac. Extra details do not contradict the correct answer.",True,"The ground truth is 'Cadillac,' and the model answer identifies the car as a Cadillac. The extra details do not contradict that core answer."
what is the minimum wage in france per hour,False,"The model answer gives 11.65€ per hour, which does not match either acceptable ground truth value (11.16 or €9.88 per hour). It provides a different hourly wage, so it is incorrect.",False,"The model answer gives €10.25, which does not match either acceptable ground truth value of 11.16 or €9.88 per hour."
describe the three phases of the normal blood clotting process,True,"The model answer correctly gives the three normal phases of hemostasis: vascular spasm (vasoconstriction), platelet plug formation, and coagulation. This includes the acceptable ground truth items 'vasoconstriction' and 'blood coagulation' and fully answers the question.",False,"The model answer is incorrect. The ground truth indicates phases including vasoconstriction and blood coagulation, while the model answer gives opposite or unrelated processes: vascular dilation, platelet dissolution, and fibrin breakdown."
when did amnesia the dark descent come out,True,"The model answer gives the same release date as the ground truth, using an equivalent month-day-year format instead of day-month-year.",False,"The ground truth release date is 8 September 2010, but the model answer gives September 22, 2011, which is a different and incorrect date."
what is the oldest street in the philippines,False,"The ground truth identifies Colon Street in Cebu City as the oldest street in the Philippines. The model answer instead names Calle Real de Iloilo in Iloilo City, which is a different street and location.",False,"The ground truth identifies Colon Street in Cebu City as the oldest street in the Philippines. The model answer names Escolta Street in Manila, which is a different and incorrect street."
where is the tibia and fibula bone located,True,"The model answer correctly states that the tibia and fibula are in the lower leg, which matches the ground truth 'leg' and is a more specific, consistent answer.",False,"The tibia and fibula are located in the leg, but the model answer says they are in the upper arm between the shoulder and elbow, which is incorrect."
who played bat masterson in the tv series,True,The model answer 'Gene Barry' matches the ground truth exactly as the actor who played Bat Masterson in the TV series.,True,The model answer matches the ground truth exactly: Gene Barry played Bat Masterson in the TV series.
who sings sugar sugar you are my candy girl,True,"The model answer 'The Archies' matches the ground truth acceptable answer 'the Archies' exactly in meaning, differing only in capitalization.",False,"The correct answer is The Archies. The model answer says The Cowsills, which is a different group and therefore incorrect."
types of skiing in the winter olympics 2018,False,"The ground truth expects specific alpine skiing event types from the 2018 Winter Olympics, such as Slalom, Downhill, Super-G, or Giant slalom. The model answer instead lists broader skiing disciplines and includes unrelated categories like Snowboarding, so it does not match any acceptable ground truth answer.",False,"The ground truth refers to specific alpine skiing event types in the 2018 Winter Olympics (such as Slalom, Downhill, Super-G, Giant slalom). The model answer instead lists broader skiing disciplines, which do not match the required event types."
who plays noah newman on the young and the restless,False,"The ground truth identifies Noah Newman as being played by Robert Gillespie Adamson IV, but the model answer gives Rory Gibson, which is a different actor.",False,"The ground truth says Noah Newman on The Young and the Restless is played by Robert Gillespie Adamson IV. The model answer, Joshua Morrow, is a different actor and therefore incorrect."
who has won the most games in nfl 2017,False,"The ground truth says the team with the most wins in the NFL in 2017 is the Dallas Cowboys. The model answer says New England Patriots, which is a different team and does not match the accepted answer.",False,"The ground truth answer is Dallas Cowboys, but the model answer says New England Patriots, which is a different team and therefore incorrect."
under article 1 what is the minimum age required to serve in the house of representatives,True,The model answer '25' matches the acceptable ground truth answers '25' and '25 years old' for the minimum age to serve in the House of Representatives under Article 1.,True,The model answer '25' matches the acceptable ground truth answers '25' and '25 years old' for the minimum age to serve in the House of Representatives under Article 1.
who has the most catches in nfl history,True,The model answer 'Jerry Rice' exactly matches the accepted ground truth for the player with the most catches in NFL history.,True,The model answer matches the ground truth exactly: Jerry Rice has the most catches in NFL history.
when does the dlc for rainbow six siege come out,False,"The ground truth says the DLC comes out in January 2018, but the model answer gives October 1, 2024, which is a different and conflicting date.",False,"The ground truth says the DLC comes out in January 2018, but the model answer gives March 18, 2025, which is a different and incorrect date."
who was the great wall of china built to defend against,True,"The ground truth is 'nomads from Inner Asia.' The model answer names Mongol tribes, including the Xiongnu and later Mongols, which are specific Inner Asian nomadic groups. This is a consistent, more specific answer without contradiction.",True,"The model answer identifies Mongol armies from the north, which are a specific example of the nomads from Inner Asia that the Great Wall was built to defend against. This is a consistent, more specific answer."
where does the last name galvez come from,True,"The ground truth says the surname is Spanish. The model answer says it comes from Spain, which matches, and adds a more specific origin that does not contradict the ground truth.",False,"The ground truth says Galvez is a Spanish surname/from Spanish origin. The model answer says it comes from Southern Italy and was later adopted in Spain, which contradicts the accepted answer."
who opens the church of the holy sepulchre,True,"The model answer names the Muslim Nuseibeh/Nusaybah family, which matches an acceptable ground truth answer.",False,The ground truth says the Church of the Holy Sepulchre is opened by the Sunni Muslim Nusaybah family. The model answer incorrectly says it is opened by the Greek Orthodox patriarch.
when does season 5 of the blacklist resume,False,"The ground truth says season 5 of The Blacklist resumed on January 31, 2018, but the model answer gives March 21, 2018, which is a different date.",False,"The ground truth says season 5 of The Blacklist resumed on January 31, 2018, but the model answer gives January 12, 2018, which is a different date."
the chinese dragons are protectors of how many seas diggy,True,The model answer 'four' matches the acceptable ground truth 'Four'/'Four Seas' and correctly answers how many seas.,False,"The ground truth says the Chinese dragons are protectors of the Four Seas (4). The model answer says 5, which is incorrect."
how much money did it cost to make gta v,False,"The ground truth indicates 137, while the model answer says $265 million. These are different numbers, so the answer does not match the accepted ground truth.",False,"The ground truth indicates 137 (million dollars), while the model answer says $180 million, which is a different number and therefore incorrect."
what is the angle of the tower of pisa,False,"The ground truth specifies the angle as about 3.99 degrees. The model answer says 3.97 degrees, which is a different numerical value and not one of the accepted answers.",False,"The ground truth says the tower of Pisa is at about 3.99 degrees, but the model answer says 5.5 degrees, which is a different and incorrect angle."
what is the share of agriculture in indian economy,False,The model answer '2.5%' does not match either acceptable ground truth value ('17.32%' or '23%') for agriculture's share in the Indian economy.,False,"The model answer says 32%, but the acceptable ground truth answers are 17.32% or 23%. 32% does not match any valid answer."
who does demetrius love in a midsummer night dream,True,"The ground truth lists acceptable answers as either Helena or Hermia. The model answer gives Helena, which matches one acceptable answer.",True,The ground truth lists both Helena and Hermia as acceptable answers. The model answer 'Hermia' matches one of the accepted answers.
when did the movie varsity blues come out,True,"The model answer gives the specific release date, January 15, 1999, which matches one of the acceptable ground truth answers exactly.",False,"The model answer says 2000, but Varsity Blues was released in 1999, specifically January 15, 1999."
when does the champions league quarter finals start,False,"The ground truth indicates acceptable answers are either '16 March 2018' or '3–4 April 2018' for when the Champions League quarter-finals start. The model answer gives '8 April 2025,' which is a different year and date, so it does not match the ground truth.",False,The ground truth indicates the quarter-finals start on 16 March 2018 (draw) or 3–4 April 2018 (matches begin). 'early May' is a different time and is incorrect.
who was the famous scientist that ran the research lab moseley went to in manchester,True,The model answer 'Ernest Rutherford' matches the ground truth 'Sir Ernest Rutherford'; omitting the title does not change the identity.,True,The model answer 'Ernest Rutherford' matches the ground truth 'Sir Ernest Rutherford'; omission of the honorific does not change the identity.
where do you get a cashiers check from,True,"The model answer includes 'a bank,' which matches the ground truth. The extra mention of 'credit union' does not contradict the correct answer in this context.",False,The ground truth says a cashier's check is obtained from a bank. 'Post office' is a different place and does not match the correct answer.
who does stefan marry in the vampire diaries,True,The model answer exactly matches the acceptable ground truth: Stefan marries Caroline Forbes in The Vampire Diaries.,True,The model answer matches the ground truth exactly: Stefan marries Caroline Forbes in The Vampire Diaries.
what is the meaning of cc and bcc,True,"The model answer correctly defines CC as Carbon Copy and BCC as Blind Carbon Copy, matching the ground truth. The added notes about visible and hidden recipients are accurate and non-contradictory.",False,"The model answer is incorrect because CC stands for 'Carbon copy' and BCC stands for 'Blind carbon copy,' not 'confidential copy' or 'backup carbon copy.'"
hazels boyfriend in the fault in our stars,True,"“Gus Waters” is a common shortened form of “Augustus Waters,” which matches the ground truth.",True,The model answer exactly matches the ground truth: Hazel's boyfriend in The Fault in Our Stars is Augustus Waters.
when does the day of the dead end,True,The model answer exactly matches the acceptable ground truth date: November 2.,False,"The ground truth says the Day of the Dead ends on November 2, but the model answer says November 1, which is incorrect."
when do you celebrate birthday if born on feb 29,True,The model answer matches acceptable ground truth options for birthdays in non-leap years: February 28 or March 1. It is consistent with the listed valid answers.,True,"The ground truth lists February 28 as one acceptable answer for when someone born on Feb 29 celebrates their birthday, so the model answer matches an accepted option."
where does new york drinking water come from,False,"The ground truth specifies the eastern Catskill Mountains. The model answer gives Catskill/Delaware and Croton watersheds, which adds sources not supported by the ground truth and does not match the specified answer.",False,"The ground truth says New York drinking water comes from the eastern Catskill Mountains, but the model answer says underground aquifers beneath Long Island, which is a different source."
where is the citrus bowl held this year,True,"The model answer includes 'Camping World Stadium,' which matches the ground truth exactly. The added 'Orlando, Florida' is consistent and not contradictory.",False,"The ground truth says the Citrus Bowl is held at Camping World Stadium, but the model answer says Raymond James Stadium in Tampa, which is a different stadium and location."
what year does the quiet man take place,True,"The ground truth says the film takes place in the 1920s, and 1922 is a specific year within the 1920s, so it is consistent and acceptable.",False,The ground truth says the film takes place in the 1920s. The model answer '1912' is a different year and contradicts the accepted answer.
how many seasons of rules of engagement is there,False,"The ground truth says the show had 7 seasons (or 'seven'), but the model answer says 9, which is incorrect.",False,"The ground truth says the show has 7 seasons (or 'seven'), but the model answer says 6, which is incorrect."
who plays alec ramsay in the black stallion,True,The model answer matches the ground truth exactly: Alec Ramsay in The Black Stallion was played by Kelly Reno.,False,"The correct answer is Kelly Reno, who played Alec Ramsay in The Black Stallion. Matt Dillon is a different actor and does not match the ground truth."
who plays dusty in the movie pure country,True,The model answer matches the ground truth exactly: George Strait played Dusty in Pure Country.,True,The model answer matches the ground truth exactly: Dusty in the movie Pure Country is played by George Strait.
how many episodes of greys anatomy season 14,False,"The model answer says 16, but the acceptable ground truth answers are 24, 24 episodes, or 21. Therefore it does not match any correct answer.",False,"The model answer says 22, but the acceptable ground truth answers are 24, 24 episodes, or 21. Since 22 does not match any acceptable answer, it is incorrect."
who is currently serving as president of the senate,False,The ground truth accepts either Orrin Hatch or Patrick Leahy as the president of the Senate in this context. Kamala Harris is a different person and does not match any acceptable answer.,False,"The ground truth accepts Orrin Hatch or Patrick Leahy as correct answers for president of the Senate. Chuck Grassley is a different person, so the model answer does not match any acceptable answer."
what percentage of sunlight is captured by plants to convert it into food energy,False,"The model answer says 1%, which does not match either acceptable ground truth answer: 45% or 3 to 6%.",False,"The model answer says 10%, but the acceptable ground truth answers are 45% or 3 to 6%. 10% does not match either acceptable answer."
what type of economic system was utilized in the soviet union,True,"A command economy is the economic system associated with the Soviet Union and is consistent with state ownership under communism, so it matches the ground truth.",False,"The model answer is incorrect. The Soviet Union is generally described as communist with state ownership, not a mixed-market economy."
how many gold medals did australia win in the 2000 olympics,True,The model answer '16' matches the acceptable ground truth answer for the number of gold medals Australia won in the 2000 Olympics.,False,"The ground truth says Australia won 16 gold medals in the 2000 Olympics, but the model answer says 18, which is incorrect."
who started ww2 and how did it start,True,"The model answer correctly identifies Nazi Germany as starting World War II, and adds the consistent detail that it began with the invasion of Poland on September 1, 1939.",False,"The ground truth is Nazi Germany. The model answer incorrectly says Japan started World War II, which contradicts the accepted answer, even though it mentions the invasion of Poland."
when did the royal mint move to wales,False,"The model answer says 1980, but the acceptable ground truth answers are 1968, 17 December 1968, or the 1960s. Therefore it gives the wrong time.",False,"The ground truth says the Royal Mint moved to Wales in 1968, specifically 17 December 1968, or broadly in the 1960s. The model answer '1971' does not match any acceptable answer."
when did bird is the word come out,True,The model answer matches the ground truth exactly: '1963' is the correct year 'Bird Is the Word' came out.,False,"The ground truth says '1963', but the model answer says '1965', which is a different year and therefore incorrect."
how tall is the actor who plays hagrid in harry potter,False,"The ground truth says the actor who plays Hagrid is 6 ft 1 in tall, but the model answer says 6 ft 10 in, which is a different height.",False,"The ground truth says the actor who plays Hagrid is 6 ft 1 in tall, but the model answer says 6 feet 8 inches, which is a different height."
who is opening for little mix glory days tour,False,"The model answer does not include any of the accepted openers for the Glory Days Tour. The ground truth lists acts such as Sheppard, Zoe Badwi, Louisa Johnson, Bronnie, The Vamps, Ella Eyre, and Conor Maynard, while the model gives different names, so it is incorrect.",False,"Zara Larsson is not one of the accepted opening acts listed for Little Mix's Glory Days Tour. The ground truth includes acts such as Sheppard, Zoe Badwi, Louisa Johnson, Bronnie, The Vamps, Ella Eyre, and Conor Maynard."
who performed the first c section in 1794,True,The model answer refers to Dr. Jesse Bennett; the spelling variation 'Jessie' vs. 'Jesse' is minor and clearly indicates the same person.,True,The model answer exactly matches the ground truth: Dr. Jesse Bennett.
who voices randy in f is for family,False,"The ground truth says Randy in F Is for Family is voiced by T.J. Miller, but the model answer says Jason Ritter, which is a different person.",False,"The ground truth says Randy in F Is for Family is voiced by T.J. Miller, but the model answer says Bill Burr, which is a different person."
bible verse taking the lord's name in vain,True,The model answer correctly identifies Exodus 20:7 as the verse about taking the Lord's name in vain and provides a consistent wording of the verse.,True,"The model answer exactly matches the acceptable ground truth verse reference, Exodus 20:7."
who controlled the house and the senate in 2012,False,"The ground truth indicates the answer order is House: Republican and Senate: Democratic. The model answer reverses the mapping by saying Democrats controlled the Senate and Republicans controlled the House, which does not match the expected pairing as provided.",False,The ground truth indicates the House was Republican and the Senate was Democratic in 2012. The model answer incorrectly says Republicans controlled both chambers.
when's the last time army won the army navy game,False,"The ground truth indicates the last time Army won was 2017. The model answer says 2022, which does not match.",False,"The ground truth indicates the acceptable answer is 2017 (or Army), but the model answered 2021, which does not match."
when does thomas rhett's new album come out,False,"The ground truth says Thomas Rhett's new album comes out on September 8, 2017, but the model answer gives October 18, 2024, which is a different date.",False,"The ground truth says Thomas Rhett's new album comes out on September 8, 2017, but the model answer gives July 19, 2024, which is a different date."
who won the champions league final in 2016,True,The model answer matches the ground truth exactly: Real Madrid won the 2016 UEFA Champions League final.,False,"The 2016 UEFA Champions League final was won by Real Madrid, not Atlético Madrid."
who is the real killer in basic instinct 2,False,"The ground truth says the real killer is Catherine Tramell. The model answer says Irene Adler, which is a different character/name and therefore incorrect.",False,"The ground truth identifies the real killer in Basic Instinct 2 as Catherine Tramell, but the model answer names Dr. Michael Glass, which is a different character."
who does the voice of mickey mouse on mickey mouse clubhouse,True,The model answer 'Bret Iwan' matches one of the acceptable ground truth answers for the voice of Mickey Mouse on Mickey Mouse Clubhouse.,True,The model answer 'Wayne Allwine' matches one of the acceptable answers in the ground truth list.
when was the last episode of vampire diaries aired,True,"The model answer exactly matches one of the acceptable ground truth answers: March 10, 2017.",False,"The model answer gives April 7, 2016, but the correct final air date of The Vampire Diaries was March 10, 2017."
where did the dewey decimal system come from,True,"The ground truth is 'Melvil Dewey,' and the model answer correctly names Melvil Dewey. The added year '1876' is extra specific information and does not contradict the ground truth.",False,"The ground truth indicates the Dewey Decimal System came from Melvil Dewey, but the model answer says England, which is a different and incorrect entity."
where did the jungle book story come from,False,"The ground truth identifies the source as the author, Rudyard Kipling. The model answer says 'India,' which answers a different question about place of origin and conflicts with the expected answer, even though it mentions Kipling in parentheses.",False,"The ground truth says the story came from English author Rudyard Kipling. The model answer instead claims it came from India/Bengali folktales collected in Calcutta, which is a different origin and contradicts the ground truth."
derek and meredith get back together season 3,False,"The ground truth indicates the expected answer is the episode title 'Staring at the Sun.' The model answer only says that they do get back together in Season 3, but does not provide the specific episode, so it does not match the required answer.",False,"The ground truth indicates the episode title is 'Staring at the Sun,' while the model answer gives 'Season 3, Episode 17.' These do not match, and the episode number is not established as an acceptable equivalent from the ground truth provided."
who did america declare war on in ww1,False,"The ground truth specifies Austria-Hungary as the acceptable answer. The model answer gives Germany, which is a different country and does not match the ground truth.",False,"The ground truth answer is Austria-Hungary, but the model answer says the Ottoman Empire, which is a different entity and therefore incorrect."
who played zoe hart on hart of dixie,True,"The model answer 'Rachel Bilson' correctly refers to the actress Rachel Sarah Bilson, who played Zoe Hart on Hart of Dixie.",True,"Rachel Bilson is the same person as Rachel Sarah Bilson, so the model answer correctly identifies who played Zoe Hart on Hart of Dixie."
what was tom hanks character name in castaway,True,The model answer matches the ground truth exactly: Tom Hanks's character in Cast Away was Chuck Noland.,False,"The correct character name is Chuck Noland. Jack Dawson is a different character from Titanic, so the model answer is incorrect."
what engine is in a holden v8 supercar,True,"The ground truth accepts 'V8-engine'. 'Chevrolet LS3 6.2L V8' is a specific type of V8 engine, so it is a more specific but consistent answer.",True,"The ground truth is 'V8-engine', and the model answer specifies a particular V8 engine ('6.0-litre naturally aspirated LS2 V8'). This is a more specific but consistent answer."
when did the sat become out of 1600,False,"The ground truth accepts March 2016, 2014, or 2016 as the relevant time for the SAT being out of 1600. The model answer '2005' refers to a different scoring change and does not match any acceptable answer.",False,"The model answer '2002' does not match any acceptable ground truth answer. The SAT returned to being scored out of 1600 in 2016, specifically March 2016."
when was the minimum wage established in the united states,True,"The model answer '1938' matches one of the acceptable ground truth answers, so it is correct.",False,"The model answer says 1935, but the acceptable ground truth answers are 1938, 1933, or 1912. Since 1935 does not match any accepted answer, it is incorrect."
when did the rational dress society begin to work,True,The model answer matches the ground truth exactly: the Rational Dress Society began to work in 1881.,False,"The ground truth says the Rational Dress Society began to work in 1881, but the model answer says 1879, which is a different year."
what is the baby elephants name in jungle book,False,"The correct baby elephant in The Jungle Book is Hathi Jr., not Mowgli. Mowgli is the human child, so the model answer gives the wrong character.",True,The model answer exactly matches the acceptable ground truth answer: Hathi Jr.
where is fe best absorbed in the body,False,"The ground truth specifies the duodenum as the site of best iron absorption. The model answer adds 'upper jejunum,' which introduces an additional location not included in the accepted answer, so it does not match exactly and conflicts under the judging rules.",False,"The ground truth says iron (Fe) is best absorbed in the duodenum. The model answer says the ileum, which is a different part of the small intestine and is incorrect."
who is the biggest selling female group of all time,True,The model answer exactly matches the acceptable ground truth answer 'Spice Girls'.,False,"The ground truth answer is 'Spice Girls,' but the model answered 'TLC,' which is a different group and therefore incorrect."
epidemiologists attempt to explain the link between health and variables such as,False,"The model answer does not match any of the acceptable ground truth items. The ground truth includes variables such as smoking, stress, chemicals, alcohol, biological agents, or disease conditions in defined populations, while 'diet, exercise, and genetics' are different variables.",False,"The ground truth expects examples such as biological agents, disease conditions in defined populations, smoking, stress, chemicals, or alcohol. The model answer gives different variables like income, education, and occupation, which do not match any listed acceptable answer."
who won the mens single ice skating 2018,False,"The model answer is incorrect. For the 2018 men's singles ice skating event, acceptable answers are Yuzuru Hanyu, Javier Fernández, or Shoma Uno based on the provided ground truth, but Nathan Chen is not one of them.",True,"The question asks who won the men's singles ice skating in 2018, and 'Yuzuru Hanyu' is one of the acceptable ground truth answers and the correct winner."
where is the boy who played charlie in willy wonka,True,"The model answer correctly identifies the actor as Peter Ostrum and says he is living in Lowville, New York, which matches the acceptable ground truth answers.",False,"The ground truth indicates the boy was Peter Ostrum and the location is Lowville, New York. The model answer says Boston, Massachusetts, which does not match any acceptable ground truth answer."
where was the first session of the assam association held in1905,False,"The ground truth says the first session of the Assam Association in 1905 was held in Guwahati, but the model answer says Dibrugarh, which is a different place.",False,"The ground truth says the first session of the Assam Association in 1905 was held in Guwahati, but the model answer says Jorhat, which is a different place."
who played ice queen in chronicles of narnia,True,The model answer matches one of the acceptable ground truth answers: Tilda Swinton played the Ice Queen/White Witch in The Chronicles of Narnia.,True,Tilda Swinton is one of the acceptable ground truth answers for who played the Ice Queen/White Witch in The Chronicles of Narnia.
when is season 2 of jessica jones being released,True,"The model answer exactly matches the ground truth release date for Jessica Jones season 2: March 8, 2018.",False,"The model answer gives the wrong release date. The correct release date for Jessica Jones season 2 is March 8, 2018, not November 20, 2017."
when was united nations convention on the rights of the child created,True,"The model answer gives the same date as the ground truth in an equivalent format: November 20, 1989 matches 20 November 1989.",False,"The ground truth is 20 November 1989. The model answer says 1987, which is the wrong year and does not match the correct date."
swan lake the sleeping beauty and the nutcracker are three famous ballets by,True,"The model answer exactly matches the ground truth: Swan Lake, The Sleeping Beauty, and The Nutcracker are famous ballets by Pyotr Ilyich Tchaikovsky.",True,"The model answer 'Tchaikovsky' correctly refers to Pyotr Ilyich Tchaikovsky, the composer of Swan Lake, The Sleeping Beauty, and The Nutcracker."
what type of database is library literature and information science,False,"The ground truth says the database type is a bibliographic database. The model answer says full-text database, which is a different type and does not match.",False,"The ground truth says it is a bibliographic database. The model answer says it is a full-text citation database for engineering and technical standards, which is a different type and subject area."
when did the united states start using the death penalty,True,The model answer '1608' matches one of the acceptable ground truth answers and correctly answers when the United States began using the death penalty.,False,"The ground truth says the United States began using the death penalty in 1608 (or 'the beginning'). The model answer '1776' gives a different year, so it is incorrect."
when was coffee first made into a drink,False,"The ground truth says coffee was first made into a drink in the 15th century, but the model answer says 9th century, which is a different and incorrect time.",False,"The ground truth says coffee was first made into a drink in the 15th century, but the model answer says early 1200s, which is a different and incorrect time period."
who is jared on the bold and the beautiful,False,"The ground truth identifies Jared as Andrew Collins. The model answer describes a different character role and does not provide Andrew Collins, so it does not match the correct answer.",False,"The ground truth identifies Jared as Andrew Collins, but the model answer describes a different character relationship and role, so it does not match the correct answer."
who wrote knock knock knocking on heavens door,True,"The model answer matches the ground truth exactly: Bob Dylan wrote ""Knockin' on Heaven's Door.""",False,The correct answer is Bob Dylan. Eric Clapton is a different artist and did not write 'Knockin' on Heaven's Door.'
when did the movie napoleon dynamite come out,True,"The model answer 'June 11, 2004' exactly matches one of the acceptable ground truth answers and correctly answers when the movie was released.",False,"The ground truth says Napoleon Dynamite came out in 2004 (specifically June 11, 2004). The model answer says 2006, which is incorrect."
who starred in an officer and a gentleman,True,"The model answer names Richard Gere and Debra Winger, both of whom are listed in the ground truth as stars of the film. A partial but correct list is sufficient for this question.",True,"The model answer names Richard Gere and Debra Winger, both of whom are listed in the ground truth as stars of the film. Although it is not exhaustive, it correctly answers the question."
who plays chummy's mother in call the midwife,False,"The ground truth answer is Cheryl Campbell, but the model answered Linda Bassett, who is a different actress.",False,"The ground truth answer is Cheryl Campbell, but the model answer says Miriam Margolyes, which is a different actress."
name two fibres which are made of proteins,True,"The model answer gives two fibres, wool and silk, both of which are listed as acceptable protein-based fibres in the ground truth.",False,"The model answer is incorrect because rayon and nylon are not protein fibres. Acceptable protein fibres include examples such as hair, wool, fur, feathers, and silk."
how many super bowl games has the patriots played in,False,"The ground truth says the Patriots have played in 10 Super Bowl games. The model answer says 6, which is the wrong number.",True,The model answer '10' matches an acceptable ground truth answer and correctly answers how many Super Bowl games the Patriots have played in.
where do they put the tomb vampires in order to burn them during founders day,False,"The ground truth says the tomb vampires are put in the Gilbert building to be burned during Founders Day. The model answer instead says they are in the tomb underneath Fell's Church, which is a different location.",False,"The ground truth says the tomb vampires were put in the Gilbert building. The model answer names a different location, the old Fell Church cellar beneath Founder’s Hall, so it does not match."
who is the king and queen of the netherlands,True,"The model answer correctly names the current monarchs of the Netherlands: King Willem-Alexander and Queen Máxima, matching the ground truth.",False,"The model answer is incorrect because the current king is Willem-Alexander, not Willem II. Although Queen Máxima is correct, the wrong king makes the overall answer incorrect."
where is gall bladder situated in human body,True,"The model answer includes 'beneath the liver,' which matches the ground truth, and the added detail about the right upper abdomen is consistent and not contradictory.",False,"The ground truth says the gall bladder is situated beneath the liver. The model answer says it is on the left side of the abdomen beneath the stomach, which is anatomically incorrect and contradicts the ground truth."
what is the current population of bora bora,True,"The ground truth is 10,605, and the model answer of approximately 10,500 is a close rounded equivalent that correctly conveys the population.",False,"The ground truth population is 10,605, while the model answer gives 14,800, which is a different number and therefore incorrect."
where does tropic of cancer pass in india,True,"The model answer correctly lists all the Indian states through which the Tropic of Cancer passes: Gujarat, Rajasthan, Madhya Pradesh, Chhattisgarh, Jharkhand, West Bengal, Tripura, and Mizoram. These match the ground truth, with equivalent wording for Tripura and Mizoram.",False,"The Tropic of Cancer passes through 8 Indian states: Gujarat, Rajasthan, Madhya Pradesh, Chhattisgarh, Jharkhand, West Bengal, Tripura, and Mizoram. The model answer omits Jharkhand, Tripura, and Mizoram, and incorrectly includes Odisha, so it is incorrect."
who made the song falling in love with you,True,"Elvis Presley is one of the acceptable answers in the ground truth list, so the model answer is correct.",False,"The model answer is incorrect. The accepted answers are Hugo Peretti, George David Weiss, Elvis Presley, or Luigi Creatore, while 'The Beatles' does not match any of them."
which is produced in plants of narora kakrapar tarapur,False,"The question asks what is produced in the plants of Narora, Kakrapar, and Tarapur. These are atomic power plants, so the correct answer is 'Atomic Power.' 'Uranium' is a fuel used in such plants, not the product.",False,"The ground truth is 'Atomic Power' for the plants at Narora, Kakrapar, and Tarapur. 'heavy water' is a different product and does not match the correct answer."
what is the first book of percy jackson,True,The model answer exactly matches the accepted ground truth: 'The Lightning Thief.',False,"The model answer is incorrect. The first Percy Jackson book is ""The Lightning Thief,"" not ""The Sea of Monsters."""
who was originally cast to play indiana jones,True,The model answer 'Tom Selleck' matches the ground truth exactly and correctly identifies who was originally cast to play Indiana Jones.,True,The model answer matches the ground truth exactly: Tom Selleck was originally cast to play Indiana Jones.
what proposition made the insurance commissioner an elected position,True,The model answer 'Proposition 103' exactly matches an acceptable ground truth answer and correctly identifies the proposition that made the insurance commissioner an elected position.,False,"The correct proposition was Proposition 103 (in 1988). The model answer says Proposition 104, which is the wrong proposition number."
who played amy grant i i can only imagine,False,The ground truth says Amy Grant in 'I Can Only Imagine' was played by Nicole DuPort. The model answer 'Shannon' names a different person and does not match the correct answer.,False,"The ground truth says Amy Grant in 'I Can Only Imagine' was played by Nicole DuPort. The model answer says Nicole Kidman, which is a different person."
who sings the song only in my dreams,True,The model answer matches the ground truth exactly: 'Debbie Gibson' is the singer of 'Only in My Dreams.',False,"The ground truth says the song ""Only in My Dreams"" is sung by Debbie Gibson, but the model answer says Tiffany, which is a different artist."
who appoints the chair of the federal reserve system,True,The model answer matches the ground truth: the Chair of the Federal Reserve is appointed by the President of the United States. The added detail about Senate confirmation does not contradict the answer.,True,The model answer matches the ground truth exactly in meaning: the Chair of the Federal Reserve is appointed by the President of the United States.
who wins the next iron chef super chefs,False,"The ground truth says the winner is Zakarian / Geoffrey Zakarian, but the model answer names Iron Chef Masahiko ""Ryo"" Ryoyu, which is a different person.",False,"The ground truth says the winner is Geoffrey Zakarian (or Zakarian). The model answer names Marcus Wareing, which is a different chef and therefore incorrect."
when does body temperature tend to be lowest,False,"The ground truth says body temperature tends to be lowest from 11 p.m. to 3 a.m., but the model answer gives early morning around 4-6 a.m., which is a different time range and does not match.",False,"The ground truth says body temperature tends to be lowest between 11 p.m. and 3 a.m., but the model answer says late afternoon around 4 to 6 p.m., which is a different and incorrect time."
who sings the whiskey ain't workin anymore,True,"The ground truth includes ""Travis Tritt"" as an acceptable answer, so the model answer matches one valid singer of ""The Whiskey Ain't Workin'"".",False,"The song ""The Whiskey Ain't Workin'"" is correctly associated with Travis Tritt and Marty Stuart (or one of the other listed acceptable names), not Alan Jackson and George Strait."
what year is it for the jewish calendar,False,"The ground truth accepts 'AM 5778' or '5778'. The model answered '5785', which is a different Jewish calendar year and does not match the accepted answers.",False,"The ground truth accepts 'AM 5778' or '5778'. The model answered '5783', which is a different Jewish calendar year and does not match the accepted answers."
chief ministers of tamil nadu mentioned on wikipedia,False,"The ground truth expects one of the specific chief ministers listed. While the model mentions some valid names such as C. N. Annadurai, M. Karunanidhi, J. Jayalalithaa, M. G. Ramachandran, O. Panneerselvam, K. Palaniswami, and C. Rajagopalachari, it also includes names not in the ground truth list, such as M. K. Stalin, K. Kamaraj, and Baktavatsalam. Because it lists multiple answers with conflicts, it is incorrect.",True,"All three names in the Model Answer—M. Karunanidhi, J. Jayalalithaa, and O. Panneerselvam—are included in the Ground Truth list of chief ministers of Tamil Nadu, so the answer is correct."
what is the function of a political action committee (pac),True,The model answer matches the function of a PAC: it collects/pools contributions and uses them to influence elections by supporting or opposing candidates.,False,"The model answer is incorrect. A PAC’s function is to pool campaign contributions from members (and use them to support or oppose candidates), not to directly write and pass campaign finance laws."
who has the most followers in the world on instagram,False,"The ground truth says the most-followed Instagram account is Instagram's own account. The model answer names Cristiano Ronaldo, which is a different entity and therefore incorrect.",False,"The model answer is incorrect. The acceptable answer is Instagram's own account (Instagram), not Selena Gomez."
what type of political system does el salvador have,True,The model answer 'presidential republic' matches the core meaning of the acceptable ground truth 'presidential representative democratic republic.' It is a less specific but still sufficient description of El Salvador's political system.,False,"The model answer is incorrect. El Salvador is a presidential representative democratic republic (also described as a flawed democracy), not a federal parliamentary system."
where is simple squamous epithelium found in the body,True,"The model answer includes accepted locations for simple squamous epithelium: alveoli, lining of blood vessels (equivalent to capillaries/endothelium), and Bowman's capsule in the kidney (related to glomerular structures). Although it does not mention every ground-truth item, it correctly gives valid examples without contradiction.",False,"The model answer is incorrect because the trachea and bronchi are lined by pseudostratified ciliated columnar epithelium, not simple squamous epithelium. Acceptable locations include alveoli, capillaries, and glomeruli."
when was the last time anyone was on the moon,True,The model answer matches one of the acceptable ground truth answers exactly: 'December 1972'.,True,The model answer 'December 1972.' matches one of the acceptable ground truth answers and correctly answers when humans were last on the moon.
who wrote he ain't heavy he's my brother lyrics,True,"The model answer names Bob Russell and Bobby Scott, which matches the two accepted writers in the ground truth.",False,"The model answer is incorrect. The lyrics to ""He Ain't Heavy, He's My Brother"" were written by Bobby Scott and Bob Russell, not Paul McCartney."
how many seasons of the bastard executioner are there,True,The model answer '1' is equivalent in meaning to the ground truth answers 'one' and 'one season'.,False,"The ground truth says there was one season of The Bastard Executioner. The model answer says 2, which is incorrect."
when did the eagles win last super bowl,False,"The ground truth expects 2017, but the model answer says 2018. Although the Eagles won Super Bowl LII in February 2018, according to the provided ground truth the correct answer is 2017.",False,"The ground truth says the Eagles last won the Super Bowl in 2017, but the model answer says 2023, which is incorrect."
who won last year's ncaa women's basketball,False,"The ground truth says the winner was South Carolina, but the model answer says LSU, which is a different team.",True,The model answer matches the ground truth exactly: South Carolina won last year's NCAA women's basketball championship.
when did the isle of wight become an island,True,"The model answer is consistent with the ground truth: 'around 8,000 years ago, at the end of the last Ice Age' matches 'during the last Ice Age' as an equivalent or more specific time reference without contradiction.",True,"The model answer gives a more specific date, ""around 5,000 BC,"" which is consistent with the ground truth ""During the last Ice Age"" in the intended context of when the Isle of Wight became separated as an island."
love yourself by justin bieber is about who,False,"The ground truth says the song is about Rihanna. The model answer says Justin Bieber, which is a different person and does not match.",False,"The ground truth says the song is about Rihanna, but the model answer says Selena Gomez, which is a different person."
who was the ruler of england in 1616,True,The model answer matches the ground truth exactly: James I was the ruler of England in 1616.,False,"The correct ruler of England in 1616 was James I, not James II. The model answer identifies the wrong monarch."
what is the hot coffee mod in san andreas,True,"The model answer matches the ground truth by identifying Hot Coffee as the normally inaccessible/removed sex mini-game in GTA: San Andreas, with added correct specificity that it was restored by a mod.",False,"The ground truth is that the Hot Coffee mod is a normally inaccessible mini-game. The model answer incorrectly describes it as a hidden mission involving a secret café in Las Venturas that boosts health and money, which does not match the correct meaning."
what is the maximum data rate for the 802.11a standard select one,True,The model answer '54 Mbps' is equivalent in meaning to the ground truth '54 Mbit/s'; both express the same maximum data rate for 802.11a.,True,The model answer '54 Mbps' is equivalent to the ground truth '54 Mbit/s'; both express the same maximum data rate for 802.11a.
which state is located in the centre of india,True,"The ground truth lists acceptable answers as either 'Chhattisgarh' or 'Madhya Pradesh'. The model answered 'Madhya Pradesh', which matches one of the accepted answers.",True,"The ground truth lists both 'Chhattisgarh' and 'Madhya Pradesh' as acceptable answers. The model answer gives 'Madhya Pradesh', which matches one valid ground truth answer."
who sang i ran all the way home,True,The Model Answer matches the Ground Truth exactly: 'The Impalas' sang 'I Ran All the Way Home.',False,"The ground truth says the song ""I Ran All the Way Home"" was sung by The Impalas, but the model answer says Bobby Vinton, which is a different artist."
where did the last name wallace come from,False,"The ground truth says the surname Wallace is Scottish. The model answer adds 'English origin' as an additional origin, which conflicts with the ground truth, so it is not fully correct.",False,"The ground truth says Wallace is a Scottish surname. The model answer says it came from southern France (as Vallois), which contradicts the ground truth."
who was the actor that played ben stone on law and order,True,The model answer exactly matches the acceptable ground truth: Michael Moriarty played Ben Stone on Law & Order.,False,"The correct actor who played Ben Stone on Law & Order is Michael Moriarty. Benjamin Bratt played Rey Curtis, not Ben Stone."
who does the voice of nala in the lion king,False,"The ground truth accepts Nala voice actors from The Lion King such as Moira Kelly, Niketa Calame, Sally Dworsky, or Laura Williams. Although the model includes Moira Kelly, it also adds Beyoncé, which is not in the accepted ground truth list, so the answer contains a conflicting extra option.",False,"The acceptable answers are Niketa Calame, Sally Dworsky, Moira Kelly, or Laura Williams. The model answer gives Jada Pinkett Smith and Raven-Symoné, which do not match the ground truth for Nala in The Lion King."
who plays gram on the young and the restless,False,"The ground truth says the role is played by Max Shippee, but the model answer gives Emme Rylan, which is a different person.",False,"The ground truth says Gram on The Young and the Restless is played by Max Shippee, but the model answer gives Adrienne Frantz, which is a different person."
what is the oath that new citizens take,True,"The model answer correctly identifies the oath as the United States Oath of Allegiance and provides its text, which is consistent with the ground truth.",True,The model answer matches the ground truth in meaning: 'The Oath of Allegiance to the United States' is equivalent to 'United States Oath of Allegiance.'
who is under the mask of darth vader,True,The model answer exactly matches the acceptable ground truth answer: Anakin Skywalker.,False,The correct identity under Darth Vader's mask is Anakin Skywalker. 'Clone Trooper Captain Rex' is a different character and does not match the ground truth.
who had a baby at 100 in the bible,True,The ground truth accepts either 'Sarah' or 'Abraham' as correct. The model answer 'Sarah' matches one of the acceptable answers.,True,The ground truth accepts either Sarah or Abraham. The model answer 'Sarah' matches one of the acceptable answers.
what age do you need to be to buy a bb gun,False,"The ground truth specifies a single acceptable answer: 18. The model answer includes 18 but also adds conflicting ages (16-21), which contradicts the ground truth.",True,The model answer '18' matches the ground truth acceptable answer exactly.
ethiopia flight 961 crashes in to the sea,False,"The question appears to ask for the date Ethiopia Flight 961 crashed into the sea. The ground truth is '23 November 1996'. The model answer only says 'in 1996' and gives background details, but does not provide the specific date, so it is insufficient.",False,"The ground truth is the date '23 November 1996', but the model answer gives the location/circumstances of the crash and does not provide the date."
where was percy jackson and the olympians filmed,False,"The model answer includes Vancouver, which matches part of the ground truth, but it also adds Georgia, USA, which conflicts with the accepted filming locations given in the ground truth (Vancouver and Mission, British Columbia).",False,"The ground truth says it was filmed in Vancouver or Mission, British Columbia. The model answer says New Zealand, which is a different location and therefore incorrect."
how many seasons of vampire diaries r there,True,"The model answer '8' matches one of the acceptable ground truth answers ('eight', '8').",False,"The ground truth says The Vampire Diaries has 8 seasons (or 'eight'). The model answer says 9, which is the wrong number."
how many episodes are there in dragon ball z,True,The model answer '291' matches the ground truth acceptable answers '291 episodes' and '291' for the number of Dragon Ball Z episodes.,False,"The ground truth says Dragon Ball Z has 291 episodes, but the model answer says 276, which is a different number."
who plays auggie in the movie the wonder,True,The model answer matches the ground truth exactly: Auggie in the movie Wonder is played by Jacob Tremblay.,True,The model answer exactly matches the ground truth: Auggie in the movie Wonder is played by Jacob Tremblay.
when was the first australian prime minister elected,True,The model answer matches the ground truth by identifying Edmund Barton as the first Australian Prime Minister and giving the year 1901.,False,"The model answer '1898' does not match any acceptable ground truth answer. The ground truth indicates the first Australian prime minister was Sir Edmund Barton in 1901, so 1898 is the wrong year."
who plays matthew on anne with an e,True,The model answer exactly matches the acceptable ground truth answer: R. H. Thomson.,False,"The correct actor who plays Matthew in Anne with an E is R. H. Thomson. Stephen McHattie is a different actor, so the model answer is incorrect."
who is the girl in green day 21 guns,False,"The ground truth identifies the girl in Green Day's '21 Guns' as Lisa Stelly, but the model answer names Eden Espinosa, which is a different person.",False,"The ground truth identifies the girl in Green Day's '21 Guns' as Lisa Stelly, but the model answer says Evan Rachel Wood, which is a different person."
who plays joker in batman the dark knight,True,"The ground truth is 'Ledger', and 'Heath Ledger' correctly identifies the actor who played the Joker in The Dark Knight.",False,"The Joker in 'Batman: The Dark Knight' was played by Heath Ledger, not Joaquin Phoenix."
when was the south asian association for regional co-operation (saarc) formed,True,"The model answer 'December 8, 1985' is equivalent to the acceptable ground truth '8 December 1985' and correctly answers when SAARC was formed.",False,"The model answer says 1987, but SAARC was formed in December 1985, specifically on 8 December 1985."
when was the first hunger games book published,True,The model answer '2008' matches one of the acceptable ground truth answers and correctly answers when the first Hunger Games book was published.,False,"The model answer says 2009, but the acceptable ground truth answers are September 14, 2008 or 2008. Therefore it gives the wrong publication year."
who did bette midler portray in the rose,False,"The correct character Bette Midler portrayed in The Rose is Mary Rose Foster. 'Janis Joplin' is incorrect; she was the real-life inspiration, not the character name.",False,The correct character Bette Midler portrayed in The Rose is Mary Rose Foster. 'Janis Joplin' is not the character name and does not match the ground truth.
who is the lead singer of depeche mode,True,"Dave Gahan is a common shortened form of David Gahan, which matches the ground truth and correctly answers who the lead singer of Depeche Mode is.",True,Dave Gahan is a common short form of David Gahan and correctly identifies the lead singer of Depeche Mode.
where did the butchers in the slaughterhouse cases live,False,"The ground truth answer is the place 'New Orleans.' The model answer says 'in tenements near the slaughterhouses,' which describes a type of housing/location relative to the slaughterhouses, not the city asked for.",True,"The model answer 'New Orleans, Louisiana' matches the ground truth 'New Orleans' and is a more specific, consistent location."
who developed the concept of total quality management,True,The model answer exactly matches the accepted ground truth: W. Edwards Deming.,False,"The ground truth names W. Edwards Deming as the acceptable answer. The model answer gives Joseph M. Juran, which is a different person, so it is incorrect."
who wrote cant get you out of my head lyrics,True,The model answer matches an acceptable ground truth exactly: the lyrics were written by Cathy Dennis and Rob Davis.,False,"The question asks who wrote the lyrics to 'Can't Get You Out of My Head.' Acceptable answers are Cathy Dennis and/or Rob Davis. 'Kylie Minogue' is the performer, not the songwriter."
where does no game no life anime end,False,"The ground truth says the anime ends at the Elkia Federation / around the sixth volume, but the model answer says Episode 12 adapts light novel volumes 1-3, which does not match either accepted answer.",False,"The ground truth says the anime ends at the Elkia Federation / the sixth volume. The model answer says Volume 5, which conflicts with the correct volume, so it is incorrect."
when did taylor swift's first album release,True,"The model answer matches one of the acceptable ground truth answers exactly: October 24, 2006.",False,"The model answer gives 'October 24, 2005,' but the acceptable ground truth answers are 'October 24, 2006' or '2005.' The full date provided is incorrect because the year does not match the correct release date."
what are the three fifty shades of grey books,True,"The model answer lists the three books exactly as in the ground truth: Fifty Shades of Grey, Fifty Shades Darker, and Fifty Shades Freed.",False,"The first two titles are correct, but the third is incorrect. The correct third book is 'Fifty Shades Freed,' not 'Fifty Shades Freed: The Final Chapter.'"
who has the power (judicial) to make decisions in courts of law,True,"The model answer 'Judges' matches the ground truth 'judges' exactly in meaning, with only a capitalization difference.",False,"The ground truth answer is judges, who have judicial power to make decisions in courts of law. The model answer says the legislature, which is a different branch of government and is incorrect."
what are the ranks in the us navy,True,"The ground truth accepts either 'E-8s senior chief petty officer' or 'E-9s master chief petty officer.' The model answer includes 'E-9 Master Chief Petty Officer,' which matches an acceptable ground truth item. Extra rank information does not contradict it.",False,The ground truth expects either E-8 Senior Chief Petty Officer or E-9 Master Chief Petty Officer. The model answer gives a general list of Navy ranks and does not include either acceptable answer.
i was a great islamic scholar and mathematician who died in 1131 ce,True,The model answer exactly matches the ground truth acceptable answer: Omar Khayyam.,True,The model answer exactly matches the ground truth acceptable answer: Omar Khayyam.
who is the coach for the ottawa senators,False,"The ground truth identifies the Ottawa Senators' coach as Guy Boucher, but the model answer says Travis Green, which is a different person.",False,"The ground truth answer is Guy Boucher, but the model answer says Travis Green, which is a different person and therefore incorrect."
last episode of what happens to my family,False,"The ground truth says the last episode is 53, but the model answer says Episode 54, which is a different episode number.",False,"The question asks for the last episode number of 'What Happens to My Family?'. The ground truth is episode 53, but the model answer describes plot events instead of giving the episode number."
when is the last time the vikings were in the nfc championship,False,The acceptable answers are 1976 or the 2017/18 season. 'January 2020' refers to the wrong time and does not match the Vikings' last NFC Championship appearance.,False,"The model answer says 2010, but the acceptable ground truth answers are 1976 or 2017/18. Therefore it does not match the correct time."
what are the colors of the netherlands flag,True,"The model answer lists the Netherlands flag colors as red, white, and blue, which matches the ground truth semantically despite the different order.",False,"The Netherlands flag colors are red, white, and blue. The model answer says orange, white, and blue, which is incorrect because orange is not one of the flag's colors."
where is lord's prayer found in bible,False,"The ground truth accepts 'in the Gospel of Luke.' The model answer includes Luke, but also adds Matthew 6:9-13, which conflicts with the single acceptable ground-truth answer. Under the rules, listing multiple answers with one conflicting makes it incorrect.",False,"The ground truth says the Lord's Prayer is found in the Gospel of Luke, but the model answer says it is in the Gospel of Mark, which is incorrect and contradicts the ground truth."
when was the last time oklahoma won a national championship in football,True,"The ground truth lists both 2003 and 2000 as acceptable answers, and the model answer gives 2000, which matches one acceptable ground truth answer.",False,"The model answer says 2001, but the acceptable ground truth answers are 2003 or 2000. Therefore it does not match the correct answer."
location of the ten commandments in the bible,True,"The model answer correctly identifies the Ten Commandments as being located in Exodus and Deuteronomy, and gives the specific chapter and verse ranges consistent with the ground truth.",False,"The ground truth locations are Exodus and Deuteronomy. The model answer says Leviticus 19, which is a different book and does not match the accepted answers."
where did the allies go after north africa,True,"The ground truth accepts Italy or the Italian Campaign. 'Sicily and Italy' is a more specific, consistent answer and does not contradict the ground truth.",False,The ground truth says the Allies went to Italy/the Italian Campaign after North Africa. 'southern France' is a different campaign and does not match.
what is the meaning of veronica in english,False,"The ground truth says Veronica means 'she who brings victory.' The model answer instead gives a different origin/meaning, 'true image,' which does not match the expected answer.",False,The ground truth meaning of Veronica is 'she who brings victory.' The model answer 'true image' is a different etymology and does not match the expected meaning.
what is the name of the main artery which takes blood from the heart to the body,True,The model answer 'Aorta' matches the acceptable ground truth answer 'aorta' and correctly names the main artery carrying blood from the heart to the body.,False,"The correct main artery carrying blood from the heart to the body is the aorta. The pulmonary artery carries blood from the heart to the lungs, so the model answer is incorrect."
who played solomon in little house on the prairie,False,"The ground truth says Solomon in Little House on the Prairie was played by Todd Bridges. The model answer, Burl Ives, is a different person and is incorrect.",False,"The ground truth says Solomon in Little House on the Prairie was played by Todd Bridges, but the model answer names LeVar Burton, which is a different actor."
who does eric end up with in that 70s show,True,The model answer exactly matches the acceptable ground truth answer: Donna.,True,The model answer 'Donna' matches the ground truth acceptable answer exactly.
an object that moves around an external axis is said to be,True,The model answer 'revolving' matches the meaning of 'revolution' or 'orbit' in the context of an object moving around an external axis.,True,"The model answer 'revolving' correctly expresses the idea of undergoing revolution/orbit around an external axis, which matches the ground truth meaning."
architectural elements forming rib vaults eg wells cathedral,False,The ground truth refers to rib vaults being formed by an armature of piped masonry or by two to three barrel vaults. 'Flying buttresses' are a different architectural support element and do not match the accepted answers.,False,"The ground truth answers refer to barrel vaults or an armature of piped masonry forming rib vaults, while 'tiercerons' are a specific type of decorative rib and do not match any acceptable answer given."
who sang the song good morning good morning,False,"The model answer is incorrect. The acceptable answers are performers such as Gene Kelly, Donald O'Connor, Judy Garland, Debbie Reynolds, or Mickey Rooney, but 'The Beatles' is not one of them.",False,"The model answer names The Rolling Stones, which is not any of the acceptable singers listed in the ground truth (Gene Kelly, Donald O'Connor, Judy Garland, Debbie Reynolds, or Mickey Rooney)."
who wrote papa got a brand new bag,True,The model answer matches the ground truth exactly: 'James Brown' wrote 'Papa Got a Brand New Bag.',False,"The correct answer is James Brown. The model answer names Otis Redding, which is a different person and therefore incorrect."
where does a roadrunner live in the desert,False,"The ground truth expects the habitat type in the desert, such as 'mountainous shrubland' or 'arid lowland.' The model answer gives a geographic region ('Southwestern deserts of North America') rather than the specific habitat type, so it does not match.",False,The ground truth says roadrunners live in mountainous shrubland or arid lowland. 'Beneath desert sand dunes' does not match these habitats and is incorrect.
who wrote it's a long long way to pasadena,False,"The model answer names Al Kasha and Joel Hirschhorn, which do not match any of the accepted songwriters in the ground truth: John Young, Harry Vanda, David Hemmings, or George Young.",False,"The model answer names Jimmy Webb, but the acceptable writers in the ground truth are John Young, Harry Vanda, David Hemmings, or George Young. Therefore the answer is incorrect."
what's the dog's name on tom and jerry,True,The model answer matches the acceptable ground truth answer 'Spike' exactly.,True,The model answer matches the acceptable ground truth exactly: the dog's name in Tom and Jerry is Spike.
who are nominated for president of india 2017,True,"The model answer names both 2017 Indian presidential nominees, Ram Nath Kovind and Meira Kumar. The extra note '(elected)' does not contradict the ground truth.",True,The model answer correctly names the two nominees for the 2017 Indian presidential election: Ram Nath Kovind and Meira Kumar. The order does not matter.
where does the path train stop in newark,True,The model answer exactly matches the acceptable ground truth answer: Newark Penn Station.,False,"The ground truth is Newark Penn Station only. The model answer includes Broad Street as an additional stop, which conflicts with the ground truth, so it is incorrect."
where does route 66 start on the west coast,True,"The model answer 'Santa Monica, California' matches the ground truth 'in Santa Monica' and is a correct, more specific location.",True,The model answer correctly identifies Santa Monica as the west coast start of Route 66 and adds a more specific location that does not contradict the ground truth.
who is the first wife on sister wives,True,"The ground truth is 'Meri' and the model answer 'Meri Brown' refers to the same person, providing a more specific but consistent answer.",True,"The ground truth is 'Meri', and 'Meri Brown' correctly identifies the same person with a more specific full name."
when did houston go to the american league,False,"The ground truth is 2013, when the Houston Astros moved to the American League. The model answer says 1972, which is incorrect.",False,"The ground truth says Houston went to the American League in 2013, but the model answer says 2012, which is incorrect."
when did they stop cigarette advertising on television,True,The model answer '1971' matches an acceptable ground truth answer and correctly answers when cigarette advertising stopped on television.,False,"The ground truth says cigarette advertising on television stopped in 1970, with the ban taking effect on January 2, 1971. The model answer '1972' does not match either acceptable answer."
coldplay song i will try to fix you,True,"The model answer 'Fix You' matches the acceptable ground truth '""Fix You""' exactly in meaning, differing only by quotation marks.",True,"The model answer 'Fix You' matches the acceptable ground truth '""Fix You""' exactly in meaning, with only insignificant punctuation differences."
points on a sphere or angles in a circle are measured in units called,True,The model answer exactly matches the acceptable ground truth answer: 'radians'.,False,"The ground truth answer is ""radians,"" but the model answered ""gradians,"" which is a different unit of angular measure."
the oligodynamic effect is a phenomenon that describes,True,"The model answer matches the ground truth: the oligodynamic effect is the biocidal/toxic effect of metal ions on living organisms such as bacteria, fungi, and spores.",False,"The ground truth defines the oligodynamic effect as the biocidal effect of metals. The model answer incorrectly describes it as stimulation of plant growth, which is a different and contradictory meaning."
where does the white witch live in narnia,True,"The ground truth is 'her castle,' and the model answer says she lives in her ice castle, which is a more specific but consistent version of the same answer.",True,"The ground truth says the White Witch lives in 'her castle.' The model answer gives a more specific version of that place, describing her ice palace/castle in Narnia, which is consistent and not contradictory."
how many games in a row have the uconn women's basketball team won,False,"The model answer '14' does not match any acceptable ground truth answer. The accepted answers are '111 straight wins', '111', or '90'.",False,"The model answer '103' does not match any acceptable ground truth answer, which includes '111 straight wins', '111', or '90'."
is there a name for the at symbol,True,"'Ampersat' is a recognized name for the @ symbol, equivalent in meaning to 'at symbol'/'at sign'.",True,"“Ampersat” is a recognized alternative name for the @ symbol, so it correctly answers the question asking whether there is a name for it."
who sings the theme song for the tv show cops,False,The theme song for COPS is performed by Inner Circle (the song is 'Bad Boys'). Ray Stevens is a different artist and does not match the ground truth.,False,"The theme song for the TV show Cops is by Inner Circle, not UB40."
when was corporal punishment banned in south africa,True,The model answer matches the ground truth exactly: corporal punishment was banned in South Africa in 1997.,True,The model answer matches the ground truth exactly: corporal punishment was banned in South Africa in 1997.
who plays captain phasma in star wars the force awakens,True,The model answer exactly matches the accepted ground truth: Gwendoline Christie played Captain Phasma in Star Wars: The Force Awakens.,False,"The correct actor who plays Captain Phasma in Star Wars: The Force Awakens is Gwendoline Christie, not Charlize Theron."
who sings she's like the wind lyrics,True,"The ground truth lists both Wendy Fraser and Patrick Swayze as acceptable singers for the song. The model answer names Patrick Swayze, which matches one acceptable answer.",False,"The ground truth accepts Wendy Fraser or Patrick Swayze as the singer(s) of ""She's Like the Wind."" The model answer ""Richard Marx"" is a different person and is incorrect."
when did marathon change its name to snickers,True,"The ground truth gives the specific date 19 July 1990, and the model answer '1990' correctly provides the year of the name change. It is less specific but still sufficient for the question.",False,"The ground truth says Marathon changed its name to Snickers on 19 July 1990, but the model answer gives 1992, which is the wrong year."
who captained the first european ship to sail around the tip of africa,True,The model answer exactly matches the acceptable ground truth: Bartolomeu Dias.,False,"The correct answer is Bartolomeu Dias, who led the first European expedition around the southern tip of Africa. Vasco da Gama was a different explorer and is incorrect for this question."
who ordered the forbidden city to be built,True,"The model answer names the Yongle Emperor and gives his personal name, Zhu Di, which matches the ground truth exactly.",False,"The ground truth is Zhu Di, but the model answer names Kublai Khan, which is a different historical figure and therefore incorrect."
who sang let me tell you about the birds and the bees,False,"The question asks who sang the song, and the correct answer is Jewel Akens. The model answer gives the song title instead of the singer.",False,"The correct singer of ""The Birds and the Bees"" is Jewel Akens. Gary Lewis & the Playboys is a different artist, so the model answer does not match the ground truth."
who has the power to approve or veto legislation constitution,True,The model answer 'The President' matches the ground truth exactly and correctly identifies who has the power to approve or veto legislation under the Constitution.,False,"The ground truth says the President has the power to approve or veto legislation, but the model answer says the Supreme Court, which is incorrect."
how many seasons of the rugrats are there,True,The model answer '9' matches the ground truth '9 seasons' and correctly answers how many seasons Rugrats has.,False,"The ground truth says Rugrats has 9 seasons, but the model answer says 8, which is incorrect."
who is the minister of local government in zimbabwe,True,The model answer 'July Moyo' matches the ground truth 'Hon July Moyo'; 'Hon' is an honorific and not required for correctness.,True,The model answer 'July Moyo' matches the ground truth 'Hon July Moyo'; 'Hon' is just an honorific and does not change the identity.
what was the initial effect of the transition from command to market economies in eastern europe,False,"The ground truth says the initial effect was 'inequality of opportunity.' The model answer instead describes economic decline, inflation, and poverty, which do not match the accepted answer.",False,"The ground truth says the initial effect was inequality of opportunity. The model answer instead claims a sharp rise in industrial output and living standards, which is a different and contradictory effect."
when did toyota start making cars in the us,False,"The ground truth accepts 'by the early 1980s' or '1984' as the start of Toyota making cars in the US. The model answer '1986' does not match and is a later, incorrect date.",False,The ground truth accepts 'by the early 1980s' or '1984' as the start of Toyota making cars in the US. The model answer '1978' does not match these and gives the wrong year.
how many pieces in a terry's chocolate orange,True,The ground truth lists acceptable answers as either 'six' or '20'. The model answer '20' matches one of the accepted answers exactly.,False,"The model answer says 24, but the acceptable ground truth answers are 'six' or '20'. Therefore it does not match any accepted answer."
who plays the saint of killers on preacher,True,The model answer exactly matches the acceptable ground truth answer: Graham McTavish.,False,"The correct actor who plays the Saint of Killers on Preacher is Graham McTavish, not Jeffrey Dean Morgan."
when did the royal proclamation of 1763 end,False,"The ground truth says it ended with the American Revolutionary War, specifically in 1783. The model answer says it has not ended and remains in effect, which contradicts the accepted answers.",False,"The ground truth says the Royal Proclamation of 1763 ended with the American Revolutionary War, specifically in 1783. The model answer '1774' does not match any acceptable answer."
who is playing the halftime show at super bowl 2016,True,"The ground truth lists acceptable halftime performers including Coldplay, Beyoncé, and Bruno Mars. The model answer names Coldplay, which is one of the correct performers for the Super Bowl 2016 halftime show.",False,"The model answer is incorrect. The 2016 Super Bowl halftime show featured Coldplay, with Beyoncé and Bruno Mars, not Adele."
jonny cash one piece at a time car,False,The question asks for the car in Johnny Cash's 'One Piece at a Time.' The correct answer is Cadillac. The model answer gives the song title instead of the car.,True,"The model answer identifies the car as a Cadillac, which matches the ground truth. The extra details do not contradict the correct answer."
what is the minimum wage in france per hour,False,"The model answer gives 11.88 EUR per hour, which does not match either acceptable ground truth value (11.16 or €9.88 per hour).",False,"The model answer gives €10.25, which does not match either acceptable ground truth value (11.16 or €9.88 per hour). It provides a different hourly wage, so it is incorrect."
describe the three phases of the normal blood clotting process,True,"The model answer correctly describes the normal three phases of hemostasis/clotting: vasoconstriction, platelet plug formation, and coagulation. It includes the key ground-truth elements 'vasoconstriction' and 'blood coagulation' and adds the standard intermediate phase without contradiction.",False,"The model answer is incorrect because it lists opposite or unrelated processes: vascular dilation, platelet dissolution, and fibrin breakdown. Normal clotting phases include vasoconstriction and blood coagulation, not dilation or breakdown."
when did amnesia the dark descent come out,True,"The model answer gives the same release date as the ground truth, just in a different date format.",False,"The ground truth release date is 8 September 2010, but the model answer gives September 22, 2011, which is a different and incorrect date."
what is the oldest street in the philippines,False,"The ground truth identifies Colon Street in Cebu City as the oldest street in the Philippines. The model answer names Calle Real/Real Street in Intramuros, Manila, which is a different street and therefore incorrect.",False,"The ground truth identifies Colon Street in Cebu City as the oldest street in the Philippines. The model answer says Escolta Street in Manila, which is a different and incorrect street."
where is the tibia and fibula bone located,True,"The model answer says the tibia and fibula are in the lower leg between the knee and ankle, which is a correct and more specific form of the ground truth 'leg'.",False,The ground truth says the tibia and fibula are located in the leg. The model answer incorrectly places them in the upper arm between the shoulder and elbow.
who played bat masterson in the tv series,True,The model answer matches the ground truth exactly: Gene Barry played Bat Masterson in the TV series.,True,The model answer matches the ground truth exactly: Gene Barry played Bat Masterson in the TV series.
who sings sugar sugar you are my candy girl,True,The model answer exactly matches the acceptable ground truth answer: 'the Archies'.,False,"The correct answer is The Archies. The Model Answer says The Cowsills, which is a different group and therefore incorrect."
types of skiing in the winter olympics 2018,False,"The ground truth refers to specific alpine skiing event types in the 2018 Winter Olympics, such as Slalom, Downhill, Super-G, and Giant slalom. The model answer lists broad skiing disciplines and includes unrelated categories like Snowboard, so it does not match any acceptable ground-truth answer.",False,"The ground truth lists specific alpine skiing event types from the 2018 Winter Olympics (such as Slalom, Downhill, Super-G, Giant slalom). The model answer instead names broader skiing disciplines, which do not match the required event types."
who plays noah newman on the young and the restless,False,"The ground truth names Robert Gillespie Adamson IV as the acceptable answer for who plays Noah Newman on The Young and the Restless. The model answer gives Rory Gibson, which is a different person.",False,The ground truth says Noah Newman on The Young and the Restless is played by Robert Adamson (Robert Gillespie Adamson IV). Joshua Morrow is a different actor on the show.
who has won the most games in nfl 2017,False,"The ground truth says the team with the most wins in NFL 2017 was the Dallas Cowboys. The model answer says New England Patriots, which is a different team and does not match the ground truth.",False,"The ground truth says the team with the most wins in the NFL in 2017 was the Dallas Cowboys, but the model answer says New England Patriots, which is a different team."
under article 1 what is the minimum age required to serve in the house of representatives,True,The model answer '25' matches the acceptable ground truth '25'/'25 years old' and correctly answers the minimum age required.,True,The model answer '25' matches the acceptable ground truth answers '25' and '25 years old' for the minimum age to serve in the House of Representatives under Article 1.
who has the most catches in nfl history,True,The model answer matches the ground truth exactly: Jerry Rice has the most catches in NFL history.,True,The model answer 'Jerry Rice' exactly matches the ground truth and correctly answers who has the most catches in NFL history.
when does the dlc for rainbow six siege come out,False,"The ground truth specifies a release time of January 2018. The model answer does not provide that date and is too vague, only saying release dates vary by season and to check Ubisoft's site.",False,"The ground truth says the DLC comes out in January 2018, but the model answer gives March 18, 2025, which is a different and incorrect date."
who was the great wall of china built to defend against,True,"The model answer matches the ground truth in meaning: the Great Wall was built to defend against northern nomadic peoples from Inner Asia, and Mongol tribes are a specific example of such nomadic invaders.",True,The ground truth is 'nomads from Inner Asia.' 'Mongol armies from the north' is a more specific example of those northern Inner Asian nomadic groups and does not contradict the ground truth.
where does the last name galvez come from,True,"The model answer identifies the surname as Spanish, which matches the ground truth. The added detail about Galicia is more specific and does not contradict the accepted answer.",False,"The ground truth says the surname Galvez is Spanish. The model answer says it comes from Southern Italy and was later adopted in Spain, which contradicts the accepted origin."
who opens the church of the holy sepulchre,False,"The ground truth accepts 'the Sunni Muslim family' or 'the Nusaybah family.' The model answer includes 'the Nuseibeh family,' which matches, but it also adds 'the Joudeh family' as an alternative. Since it lists multiple possible answers and one conflicts with the ground truth, it must be judged incorrect.",False,The ground truth says the Church of the Holy Sepulchre is opened by the Sunni Muslim Nusaybah family. The model answer incorrectly says it is opened by the Greek Orthodox patriarch.
when does season 5 of the blacklist resume,False,"The ground truth says Season 5 of The Blacklist resumed on January 31, 2018, but the model answer gives January 3, 2018, which is a different date.",False,"The model answer gives the wrong date. The ground truth says Season 5 of The Blacklist resumed on January 31, 2018, not January 12, 2018."
the chinese dragons are protectors of how many seas diggy,True,The model answer '4' is numerically equivalent to the acceptable ground truth answers 'Four Seas' and 'Four' in response to how many seas.,False,"The ground truth says the Chinese dragons are protectors of the Four Seas (four). The model answer says 5, which is incorrect."
how much money did it cost to make gta v,False,"The ground truth indicates 137, but the model answer says $265 million, which is a different number and therefore incorrect.",False,"The ground truth indicates 137 (million dollars) as the acceptable answer, but the model answer says $180 million, which is a different number and therefore incorrect."
what is the angle of the tower of pisa,False,"The ground truth specifies about 3.99 degrees, while the model answer says 3.97 degrees. This is a different numerical value and does not match the accepted answers.",False,"The ground truth says the Tower of Pisa is at about 3.99 degrees, but the model answer gives 5.5 degrees, which is a different angle."
what is the share of agriculture in indian economy,False,"The model answer states 15.4%, which does not match either acceptable ground truth value: 17.32% or 23%.",False,"The model answer says 32%, but the acceptable ground truth answers are 17.32% or 23%. Therefore it does not match the correct share of agriculture in the Indian economy."
who does demetrius love in a midsummer night dream,True,"The ground truth lists both 'Helena' and 'Hermia' as acceptable answers, and the model answer 'Helena' matches one of them.",True,The ground truth lists both Helena and Hermia as acceptable answers. 'Hermia' matches one of the acceptable answers.
when did the movie varsity blues come out,True,"The model answer matches one of the acceptable ground truth answers exactly: January 15, 1999.",False,"The ground truth says Varsity Blues came out in 1999, specifically January 15, 1999. The model answer says 2000, which is incorrect."
when does the champions league quarter finals start,False,"The model answer gives 'April 8, 2025,' which does not match either acceptable ground truth answer: '16 March 2018' or '3–4 April 2018.' It gives the wrong date and year.",False,The ground truth indicates the Champions League quarter-finals start on 16 March 2018 (draw) or 3–4 April 2018 (matches). 'early May' does not match either and is too late.
who was the famous scientist that ran the research lab moseley went to in manchester,True,The model answer 'Ernest Rutherford' matches the ground truth 'Sir Ernest Rutherford'; omission of the title 'Sir' does not change the identity.,True,The model answer 'Ernest Rutherford' matches the ground truth 'Sir Ernest Rutherford'; omission of the honorific 'Sir' does not change the identity.
where do you get a cashiers check from,False,"The ground truth accepts only 'a bank' or 'bank'. The model answer includes 'credit union' as an additional option, which is not in the accepted answers and adds a conflicting possibility.",False,The ground truth says a cashier's check is obtained from a bank. 'Post office' is a different place and does not match the correct answer.
who does stefan marry in the vampire diaries,True,The model answer matches the ground truth exactly: Stefan marries Caroline Forbes in The Vampire Diaries.,True,The model answer exactly matches the ground truth: Stefan marries Caroline Forbes in The Vampire Diaries.
what is the meaning of cc and bcc,True,"The model answer correctly defines CC as Carbon Copy and BCC as Blind Carbon Copy, matching the ground truth. The added notes about visible and hidden recipients are accurate and non-contradictory.",False,"The model answer is incorrect because CC stands for 'Carbon copy,' not 'confidential copy,' and BCC stands for 'Blind carbon copy,' not 'backup carbon copy.'"
hazels boyfriend in the fault in our stars,True,The model answer exactly matches the accepted ground truth: Hazel's boyfriend in The Fault in Our Stars is Augustus Waters.,True,The model answer exactly matches the ground truth: Hazel's boyfriend in The Fault in Our Stars is Augustus Waters.
when does the day of the dead end,True,The model answer matches the ground truth exactly: Day of the Dead ends on November 2.,False,"The ground truth says Day of the Dead ends on November 2, but the model answer says November 1, which is incorrect."
when do you celebrate birthday if born on feb 29,True,"The ground truth allows February 28 or March 1 as acceptable answers, and the model answer correctly states those dates for non-leap years.",True,"The ground truth lists multiple acceptable answers: February 29, February 28, and March 1. The model answer 'February 28' matches one of the accepted answers."
where does new york drinking water come from,False,"The ground truth specifies the eastern Catskill Mountains. The model answer says Catskill/Delaware and Croton watersheds, which adds sources not in the ground truth, so it conflicts rather than matching the accepted answer.",False,"The ground truth says New York drinking water comes from the eastern Catskill Mountains. The model answer instead says underground aquifers beneath Long Island, which is a different source and does not match."
where is the citrus bowl held this year,True,"The model answer includes the correct venue, 'Camping World Stadium,' and adds consistent location detail ('Orlando, Florida') without contradiction.",False,"The ground truth says the Citrus Bowl is held at Camping World Stadium. The model answer gives a different location, Raymond James Stadium in Tampa, Florida, which contradicts the correct venue."
what year does the quiet man take place,True,The model answer '1920s' matches the ground truth 'the 1920s' in meaning and correctly answers the question about when the story takes place.,False,"The ground truth says the story takes place in the 1920s, but the model answer says 1912, which is a different time period."
how many seasons of rules of engagement is there,True,The model answer '7' matches the acceptable ground truth answers '7' and 'seven' for the number of seasons.,False,"The ground truth says the show has 7 seasons (or 'seven'), but the model answer says 6, which is incorrect."
who plays alec ramsay in the black stallion,True,The model answer exactly matches the acceptable ground truth answer: Kelly Reno.,False,"The correct answer is Kelly Reno, who played Alec Ramsay in The Black Stallion. Matt Dillon is a different actor."
who plays dusty in the movie pure country,True,"The model answer states that Dusty Chandler is played by George Strait, which matches the ground truth answer 'George Strait'.",True,The model answer 'George Strait' matches the ground truth exactly as the actor who plays Dusty in Pure Country.
how many episodes of greys anatomy season 14,True,The model answer '24' matches one of the acceptable ground truth answers for the number of episodes in Grey's Anatomy season 14.,False,"The model answer says 22, but the acceptable ground truth answers are 24, 24 episodes, or 21. Therefore it does not match any accepted answer."
who is currently serving as president of the senate,False,"The ground truth accepts either Orrin Hatch or Patrick Leahy as president of the Senate, but the model answer names Kamala Harris, which is a different officeholder and does not match the accepted answers.",False,"The ground truth accepts Orrin Hatch or Patrick Leahy as correct answers. Chuck Grassley is a different person, so the model answer does not match the accepted answers."
what percentage of sunlight is captured by plants to convert it into food energy,False,"The model answer '1%' does not match either acceptable ground truth answer, which are '45%' or '3 to 6%'.",False,"The model answer '10%' does not match either acceptable ground truth answer, which are '45%' or '3 to 6%'."
what type of economic system was utilized in the soviet union,True,"The model answer 'Command economy (centrally planned socialism)' matches the ground truth meaning of a communist, state-owned economic system used in the Soviet Union.",False,The Soviet Union is correctly described by answers like 'communism' or 'state ownership.' 'Mixed-market economy' is a different economic system and does not match the ground truth.
how many gold medals did australia win in the 2000 olympics,True,The model answer '16' matches the ground truth exactly for the number of gold medals Australia won at the 2000 Olympics.,False,"The ground truth says Australia won 16 gold medals in the 2000 Olympics, but the model answer says 18, which is incorrect."
who started ww2 and how did it start,True,"The model answer matches the ground truth by identifying Nazi Germany as the starter of WWII, and the added detail about Hitler and the invasion of Poland is consistent and non-contradictory.",False,"The ground truth says Nazi Germany started WWII. The model answer incorrectly says Japan started it, even though it mentions the invasion of Poland in 1939, which was done by Germany, not Japan."
when did the royal mint move to wales,True,The model answer '1968' matches one of the acceptable ground truth answers and correctly answers when the Royal Mint moved to Wales.,False,"The ground truth says the Royal Mint moved to Wales in 1968, specifically 17 December 1968, or generally in the 1960s. The model answer '1971' does not match any acceptable answer."
when did bird is the word come out,True,The model answer '1963' matches the ground truth exactly and correctly answers when 'Bird Is the Word' came out.,False,"The ground truth says the answer is 1963, but the model answer says 1965, which is the wrong year."
how tall is the actor who plays hagrid in harry potter,False,"The ground truth says the actor is 6ft 1in tall, but the model answer says 6'10"" (2.08 m), which is a different height and therefore incorrect.",False,"The ground truth says the actor who plays Hagrid is 6ft 1in tall, but the model answer says 6 feet 8 inches, which is a different height."
who is opening for little mix glory days tour,False,"The model answer includes The Vamps, which is in the ground truth, but it also names CNCO, which is not an acceptable opener listed in the ground truth. Because it provides multiple answers and at least one conflicts with the ground truth, it is incorrect.",False,Zara Larsson is not among the acceptable opening acts listed in the ground truth for Little Mix's Glory Days Tour.
who performed the first c section in 1794,True,The model answer refers to Dr. Jesse Bennett; 'Jessie' is a minor spelling variation of the same name and correctly answers the question.,True,The model answer exactly matches the accepted ground truth: Dr. Jesse Bennett.
who voices randy in f is for family,False,"The ground truth says Randy in F Is for Family is voiced by T.J. Miller, but the model answer says Jason Ritter, which is a different person.",False,"The ground truth says Randy in 'F Is for Family' is voiced by T.J. Miller, but the model answer says Bill Burr, which is a different person."
bible verse taking the lord's name in vain,True,"The model answer exactly matches the acceptable ground truth verse reference, Exodus 20:7.",True,"The model answer exactly matches the acceptable ground truth verse, Exodus 20:7."
who controlled the house and the senate in 2012,False,"The ground truth indicates the order House then Senate as ['Republican', 'Democratic']. The model answer reverses the order by saying Democrats controlled the Senate and Republicans controlled the House, so it does not directly match the expected paired answer to the question.",False,The ground truth indicates Republicans controlled the House and Democrats controlled the Senate in 2012. The model answer incorrectly says Republicans controlled both chambers.
when's the last time army won the army navy game,False,"The ground truth indicates the last time Army won was 2017. The model answer says 2024, which does not match.",False,"The ground truth indicates the correct answer is 2017 (or Army), but the model answer says 2021, which does not match the accepted answer."
when does thomas rhett's new album come out,False,"The ground truth says Thomas Rhett's new album comes out on September 8, 2017, but the model answer gives October 18, 2024, which is a different date.",False,"The ground truth says the album comes out on September 8, 2017, but the model answer gives July 19, 2024, which is a different date."
who won the champions league final in 2016,True,The model answer matches the ground truth exactly: Real Madrid won the 2016 UEFA Champions League final.,False,"The 2016 UEFA Champions League was won by Real Madrid, not Atlético Madrid."
who is the real killer in basic instinct 2,True,The model answer exactly matches the acceptable ground truth answer: Catherine Tramell.,False,"The ground truth says the real killer is Catherine Tramell, but the model answer gives Dr. Michael Glass, which is a different character."
who does the voice of mickey mouse on mickey mouse clubhouse,True,Bret Iwan is one of the acceptable ground truth answers for the voice of Mickey Mouse on Mickey Mouse Clubhouse.,True,Wayne Allwine is one of the acceptable ground truth answers for the voice of Mickey Mouse on Mickey Mouse Clubhouse.
when was the last episode of vampire diaries aired,True,The model answer exactly matches one of the acceptable ground truth dates for when the last episode of The Vampire Diaries aired.,False,"The ground truth says the last episode aired on March 10, 2017. The model answer gives April 7, 2016, which is a different date and therefore incorrect."
where did the dewey decimal system come from,True,"The model answer correctly identifies Melvil Dewey as the originator of the Dewey Decimal System, and the added year does not contradict the ground truth.",False,"The ground truth indicates the Dewey Decimal System came from Melvil Dewey, but the model answer says England, which is a different and incorrect entity."
where did the jungle book story come from,True,"The model answer identifies Rudyard Kipling as the source of The Jungle Book, which matches the ground truth 'English author Rudyard Kipling.' The extra detail does not contradict the ground truth.",False,"The ground truth says the story came from English author Rudyard Kipling. The model answer instead claims it came from India/Bengali folktales, which is a different origin and contradicts the correct answer."
derek and meredith get back together season 3,False,"The ground truth indicates the expected answer is the episode title ""Staring at the Sun."" The model answer instead says they do not get back together in season 3, which does not match the expected answer and contradicts it.",False,"The ground truth is the episode title ""Staring at the Sun,"" while the model answer gives ""Season 3, Episode 17,"" which does not match that title and is not shown as an accepted equivalent."
who did america declare war on in ww1,False,"The ground truth specifies Austria-Hungary as the acceptable answer. The model answer says Germany, which is a different country and does not match the ground truth.",False,"The ground truth answer is Austria-Hungary, but the model answer says the Ottoman Empire, which is a different entity and therefore incorrect."
who played zoe hart on hart of dixie,True,"Rachel Bilson is a correct shorter form of Rachel Sarah Bilson, the actress who played Zoe Hart on Hart of Dixie.",True,"Rachel Bilson is the same person as Rachel Sarah Bilson, the actress who played Zoe Hart on Hart of Dixie."
what was tom hanks character name in castaway,True,The model answer matches the ground truth exactly: Tom Hanks's character in Cast Away is Chuck Noland.,False,"The correct character name is Chuck Noland. Jack Dawson is a different character from another movie, so the model answer is incorrect."
what engine is in a holden v8 supercar,True,"The ground truth is 'V8-engine'. The model answer '5.0L Chevrolet LS3 V8' is a specific type of V8 engine, so it matches the required meaning without contradiction.",True,"The ground truth is 'V8-engine', and the model answer specifies a particular V8 engine ('6.0-litre naturally aspirated LS2 V8'). This is a more specific but consistent answer."
when did the sat become out of 1600,True,The model answer '2016' matches one of the acceptable ground truth answers and correctly answers when the SAT became scored out of 1600.,False,The ground truth indicates the SAT became out of 1600 in 2016 (specifically March 2016). The model answer '2002' is a different year and is incorrect.
when was the minimum wage established in the united states,True,The model answer '1938' matches one of the acceptable ground truth answers and correctly answers the question.,False,"The model answer says 1935, but the acceptable ground truth answers are 1938, 1933, or 1912. 1935 does not match any accepted answer."
when did the rational dress society begin to work,True,The model answer '1881' exactly matches the ground truth year for when the Rational Dress Society began to work.,False,"The ground truth says the Rational Dress Society began to work in 1881, but the model answer gives 1879, which is a different year."
what is the baby elephants name in jungle book,True,The model answer exactly matches the acceptable ground truth answer 'Hathi Jr.'.,True,The model answer exactly matches the acceptable ground truth answer: Hathi Jr.
where is fe best absorbed in the body,True,"The model answer includes the duodenum, which matches the ground truth. Adding 'upper jejunum' is extra detail and does not contradict the main correct site of iron absorption.",False,"The ground truth says iron (Fe) is best absorbed in the duodenum, but the model answer says the ileum, which is a different part of the small intestine."
who is the biggest selling female group of all time,True,The model answer exactly matches the ground truth acceptable answer: Spice Girls.,False,"The ground truth says the biggest selling female group of all time is the Spice Girls. The model answer says TLC, which is a different group and therefore incorrect."
epidemiologists attempt to explain the link between health and variables such as,False,"The ground truth expects examples such as smoking, stress, chemicals, alcohol, biological agents, or disease conditions in defined populations. The model answer gives broader categories like lifestyle, behavior, genetics, environment, and socioeconomic status, which do not clearly match any listed acceptable answer.",False,"The model answer does not match any of the acceptable ground truth items. The ground truth expects variables such as smoking, stress, chemicals, alcohol, biological agents, or disease conditions in defined populations, while the model answer gives socioeconomic factors like income, education, and occupation."
who won the mens single ice skating 2018,True,"The question asks who won the men's singles ice skating in 2018, and Yuzuru Hanyu is one of the acceptable ground truth answers and the gold medal winner.",True,"The question asks who won the men's singles ice skating in 2018, and 'Yuzuru Hanyu' is one of the acceptable ground truth answers and the correct winner."
where is the boy who played charlie in willy wonka,False,"The question asks where the boy who played Charlie in Willy Wonka is, implying a location. The acceptable ground truth includes 'Lowville, New York' as the location, while the model answer gives only the actor's name, 'Peter Ostrum,' which does not answer the location question.",False,"The model answer says Boston, Massachusetts, but the acceptable ground truth location is Lowville, New York (or the actor Peter Gardner Ostrum). Boston does not match."
where was the first session of the assam association held in1905,False,"The ground truth says the first session of the Assam Association in 1905 was held in Guwahati, but the model answer says Dibrugarh, which is a different place.",False,"The ground truth says the first session was held in Guwahati, but the model answer says Jorhat, which is a different place."
who played ice queen in chronicles of narnia,True,The model answer 'Tilda Swinton' matches one of the acceptable ground truth answers for who played the Ice Queen/White Witch in Chronicles of Narnia.,True,Tilda Swinton is one of the acceptable ground truth answers for who played the Ice Queen/White Witch in The Chronicles of Narnia.
when is season 2 of jessica jones being released,True,"The model answer exactly matches the ground truth release date for Jessica Jones season 2: March 8, 2018.",False,"The ground truth release date for Jessica Jones season 2 is March 8, 2018, but the model answer says November 20, 2017, which is a different date."
when was united nations convention on the rights of the child created,True,"The model answer gives the same date as the ground truth in an equivalent format: November 20, 1989 matches 20 November 1989.",False,"The ground truth says the Convention on the Rights of the Child was created on 20 November 1989. The model answer says 1987, which is the wrong year."
swan lake the sleeping beauty and the nutcracker are three famous ballets by,True,"The model answer exactly matches the ground truth: Swan Lake, The Sleeping Beauty, and The Nutcracker are famous ballets by Pyotr Ilyich Tchaikovsky.",True,"The model answer 'Tchaikovsky' correctly refers to Pyotr Ilyich Tchaikovsky, the composer of Swan Lake, The Sleeping Beauty, and The Nutcracker."
what type of database is library literature and information science,True,The model answer 'Bibliographic database' matches the acceptable ground truth answer 'bibliographic database' exactly in meaning.,False,"The ground truth says the database type is bibliographic. The model answer says it is a full-text citation database for engineering and technical standards, which is a different type and subject area."
when did the united states start using the death penalty,True,The model answer '1608' matches one of the acceptable ground truth answers and correctly answers when the United States began using the death penalty.,False,The ground truth indicates the death penalty in what became the United States began in 1608 (or 'the beginning'). The model answer '1776' is a different date and does not match the accepted answer.
when was coffee first made into a drink,False,"The ground truth says coffee was first made into a drink in the 15th century. The model answer says 9th century CE in Ethiopia, which is a different and conflicting time period.",False,"The ground truth says coffee was first made into a drink in the 15th century. The model answer says early 1200s, which is a different and incorrect time period."
who is jared on the bold and the beautiful,False,The ground truth identifies Jared as Andrew Collins. The model answer only gives a vague character description and does not provide the correct identifying name.,False,The ground truth identifies Jared as Andrew Collins. The model answer describes a different character relationship and does not provide the correct identity.
who wrote knock knock knocking on heavens door,True,"The model answer matches the ground truth exactly: Bob Dylan wrote ""Knockin' on Heaven's Door.""",False,"The correct answer is Bob Dylan. Eric Clapton performed songs by Bob Dylan but did not write ""Knockin' on Heaven's Door."""
when did the movie napoleon dynamite come out,True,"The model answer 'June 11, 2004' exactly matches one of the acceptable ground truth answers.",False,"The model answer says 2006, but the acceptable ground truth answers are June 11, 2004 or 2004."
who starred in an officer and a gentleman,True,"The model answer names Richard Gere and Debra Winger, both of which are acceptable cast members listed in the ground truth. Since the question is open-ended ('who starred'), providing some correct starring actors is sufficient and does not contradict the ground truth.",True,"The model answer names Richard Gere and Debra Winger, both of whom are listed in the ground truth as stars of the film. A partial but correct list is sufficient for this question."
who plays chummy's mother in call the midwife,False,"The ground truth says Chummy's mother in Call the Midwife is played by Cheryl Campbell. The model answer, Linda Bassett, is a different actress, so it is incorrect.",False,"The ground truth says Chummy's mother in Call the Midwife is played by Cheryl Campbell, but the model answer gives Miriam Margolyes, which is a different actress."
name two fibres which are made of proteins,True,"The question asks for two fibres made of proteins, and 'Silk and wool' are both listed in the acceptable ground truth answers.",False,"The model answer is incorrect because rayon and nylon are not protein fibres. Acceptable protein fibres include hair, wool, fur, silk, and feathers."
how many super bowl games has the patriots played in,False,"The ground truth says the Patriots played in 10 Super Bowl games. The model answer says 11, which is the wrong number.",True,"The model answer '10' matches the acceptable ground truth answers ('10', 'ten', 'ten times')."
where do they put the tomb vampires in order to burn them during founders day,True,"The model answer matches the ground truth by identifying the Gilbert building, and the added detail 'in the basement' is consistent and not contradictory.",False,The ground truth says the tomb vampires were put in the Gilbert building. The model answer names a different location: the old Fell Church cellar beneath Founder’s Hall.
who is the king and queen of the netherlands,True,"The model answer correctly names both current Dutch monarchs: King Willem-Alexander and Queen Máxima, matching the ground truth.",False,"The model answer is incorrect because the current king of the Netherlands is King Willem-Alexander, not King Willem II. Queen Máxima is correct, but the wrong king makes the overall answer incorrect."
where is gall bladder situated in human body,True,"The model answer matches the ground truth by stating that the gall bladder is beneath the liver, with extra correct detail about being in the right upper abdomen.",False,"The ground truth says the gall bladder is situated beneath the liver. The model answer places it on the left side of the abdomen beneath the stomach, which is anatomically incorrect and contradicts the ground truth."
what is the current population of bora bora,True,"The model answer gives approximately 10,600, which is an acceptable rounded form of the ground truth 10,605 and correctly answers the population question.",False,"The ground truth population is 10,605, but the model answer gives 14,800, which is a different number and therefore incorrect."
where does tropic of cancer pass in india,True,"The model answer correctly lists all the Indian states through which the Tropic of Cancer passes: Gujarat, Rajasthan, Madhya Pradesh, Chhattisgarh, Jharkhand, West Bengal, Tripura, and Mizoram. 'Tripura' and 'Mizoram' are acceptable equivalents of 'State of Tripura' and 'State of Mizoram'.",False,"The Tropic of Cancer passes through 8 Indian states: Gujarat, Rajasthan, Madhya Pradesh, Chhattisgarh, Jharkhand, West Bengal, Tripura, and Mizoram. The model answer incorrectly includes Odisha and omits Jharkhand, Tripura, and Mizoram, so it conflicts with the ground truth."
who made the song falling in love with you,True,"The ground truth lists several acceptable answers, including Elvis Presley. The model answer matches one of the accepted answers.",False,"The model answer says 'The Beatles,' but the acceptable answers are Elvis Presley, Hugo Peretti, George David Weiss, or Luigi Creatore. 'The Beatles' does not match any ground truth answer."
which is produced in plants of narora kakrapar tarapur,False,"The ground truth specifies 'Atomic Power' (nuclear power) for plants at Narora, Kakrapar, and Tarapur. 'Electricity' is too generic and does not capture the specific type of power asked for.",False,"Narora, Kakrapar, and Tarapur are atomic power plants, so the correct answer is atomic power. 'Heavy water' is a different product and does not match the ground truth."
what is the first book of percy jackson,True,The model answer exactly matches the acceptable ground truth answer: 'The Lightning Thief.',False,"The correct first Percy Jackson book is 'The Lightning Thief.' 'The Sea of Monsters' is the second book, so the model answer is incorrect."
who was originally cast to play indiana jones,True,The model answer matches the ground truth exactly: Tom Selleck was originally cast to play Indiana Jones.,True,The model answer exactly matches the acceptable ground truth answer: Tom Selleck.
what proposition made the insurance commissioner an elected position,True,The model answer matches the ground truth exactly: the proposition was Proposition 103.,False,"The ground truth is Proposition 103 (in 1988). The model answer says Proposition 104, which is a different proposition and therefore incorrect."
who played amy grant i i can only imagine,False,"The question asks who played Amy Grant in 'I Can Only Imagine.' The correct answer is Nicole DuPort, but the model answer gives 'Amy Grant,' which is the character/person, not the actor.",False,"The ground truth says Amy Grant in 'I Can Only Imagine' was played by Nicole DuPort, but the model answer says Nicole Kidman, which is a different person."
who sings the song only in my dreams,False,"The ground truth says the song ""Only in My Dreams"" is sung by Debbie Gibson, but the model answer says The Moffatts, which is a different artist.",False,"The ground truth says the song ""Only in My Dreams"" is sung by Debbie Gibson, but the model answer says Tiffany, which is a different artist."
who appoints the chair of the federal reserve system,True,The model answer matches the ground truth exactly: the Chair of the Federal Reserve System is appointed by the President of the United States.,True,The model answer matches the ground truth exactly: the Chair of the Federal Reserve System is appointed by the President of the United States.
who wins the next iron chef super chefs,False,The ground truth says the winner is Geoffrey Zakarian (or Zakarian). The model answer 'Unknown' does not provide the correct winner and is evasive.,False,"The ground truth says the winner is Geoffrey Zakarian (Zakarian). The model answer gives Marcus Wareing, which is a different person and therefore incorrect."
when does body temperature tend to be lowest,False,"The ground truth says body temperature tends to be lowest between 11 p.m. and 3 a.m. The model answer says early morning around 4–6 a.m., which is a different time range and does not match.",False,"The ground truth says body temperature tends to be lowest between 11 p.m. and 3 a.m., but the model answer says late afternoon, around 4 to 6 p.m., which is a different and incorrect time."
who sings the whiskey ain't workin anymore,True,The model answer 'Travis Tritt' matches one of the acceptable ground truth answers for who sings 'The Whiskey Ain't Workin' Anymore.',False,"The song ""The Whiskey Ain't Workin'"" is by Travis Tritt and Marty Stuart. ""Alan Jackson and George Strait"" does not match any acceptable ground truth answer."
what year is it for the jewish calendar,False,"The ground truth says the Jewish calendar year is 5778 (AM 5778). The model answer says 5785, which is a different year and therefore incorrect.",False,"The ground truth says the Jewish calendar year is 5778 (or AM 5778). The model answer gives 5783, which is a different year and therefore incorrect."
chief ministers of tamil nadu mentioned on wikipedia,False,"The model answer includes some valid chief ministers from the ground truth (O. Panneerselvam, J. Jayalalithaa, M. Karunanidhi, M. G. Ramachandran, and K. Palaniswami under his full name), but it also includes M. K. Stalin, who is not in the provided ground truth list. Because at least one listed answer conflicts with the ground truth, the overall answer is incorrect.",True,"The model answer lists three people who are all included in the Ground Truth list of chief ministers of Tamil Nadu mentioned on Wikipedia. Since any listed acceptable answer counts, this is correct."
what is the function of a political action committee (pac),True,The model answer matches the function of a PAC: it raises/pools campaign contributions and uses them to support or oppose candidates.,False,"The ground truth says a PAC functions to pool campaign contributions from members. The model answer incorrectly says a PAC directly writes and passes campaign finance laws, which is not its function."
who has the most followers in the world on instagram,False,"The ground truth says the most-followed Instagram account is Instagram's own account. The model answer names Cristiano Ronaldo, which is a different entity.",False,"The ground truth says the most-followed Instagram account is Instagram's own account. The model answer names Selena Gomez, which is a different entity and therefore incorrect."
what type of political system does el salvador have,True,"""Presidential republic"" matches the ground truth meaning of ""presidential representative democratic republic"" and is sufficiently specific for the question.",False,"The model answer is incorrect because El Salvador is a presidential representative democratic republic, not a federal parliamentary system."
where is simple squamous epithelium found in the body,True,"The model answer includes acceptable locations from the ground truth: alveoli and kidney glomeruli, and 'lining of blood vessels' is equivalent to capillaries/endothelium. Although it adds other locations, they do not contradict the listed correct examples.",False,"The model answer is incorrect because the trachea and bronchi are lined mainly by pseudostratified ciliated columnar epithelium, not simple squamous epithelium. Acceptable locations include alveoli, capillaries, and glomeruli."
